# Gabbard et al. (2025), experimental data, extracted from
# "LowWeberDropRebound - Data.xlsx" (harrislab-brown/LowWeberDropRebound),
# sheet 2, the Experiment block. Dimensionless throughout.
We,We_unc,cor,cor_unc,Oh,Bo
0.2197626014396613,0.005772577766716497,0.7813634615795371,0.027837407864952302,0.042181858926155516,0.00499251144021029
0.559401226210831,0.018549818787350594,0.7249059987804024,0.02029474907549793,0.043619612050542086,0.0043661106074281645
0.051306285678011536,0.0025477276946892316,0.7776383854696349,0.05222164095185677,0.042065398952030764,0.0050480294470451
0.126237255074795,0.004563470111572916,0.7868244010353168,0.029689751422095453,0.039980422078209905,0.006186320690037986
0.15874448589680862,0.007108962160644304,0.8117918942653988,0.033972433103387795,0.03952137544356292,0.0064787873476906295
0.0848242510718918,0.004126187004438003,0.7966322378724522,0.058303896797297555,0.03952008584249736,0.006479633040189025
0.044153855751752,0.0017876143254522458,0.8048065457867561,0.05472269831751212,0.03967780079211917,0.006377222323109813
0.026198138662657633,0.0020691131449890815,0.7947333239554174,0.05902105396058239,0.03974402136510874,0.0063348261059532965
0.11487442283492448,0.005764930118597376,0.7979367978531483,0.03458476941461918,0.03979658640919843,0.006301423115175076
0.06132473004871416,0.0036972143593244494,0.7997159281884109,0.04757776475875078,0.03992715149004834,0.006219401843069428
0.1243948534821117,0.004487107840315763,0.8084417309702023,0.03215519348438364,0.039660967364552574,0.006388056035063528
0.06772360429216788,0.0044135397531136385,0.7786823846600267,0.03564860712971247,0.039954809182479095,0.006202198829918567
0.11884803541191889,0.00734735829065229,0.8125834675510666,0.04097739784127913,0.039531493551350244,0.006472156896917761
0.0980064595176599,0.00367220947931269,0.7989049159618933,0.0318303650211467,0.0398661765121212,0.006257539316947163
0.07891200958289729,0.0026294655819054115,0.7710321358843378,0.03077602454284417,0.043623753123095334,0.004364452996132045
0.4120701661012475,0.003978191543670672,0.7632398249968112,0.01712295285947035,0.04391975047235157,0.004247980086069128
0.44612415800477334,0.005511489135785739,0.7595599807856367,0.0162850722547691,0.04433082676932816,0.004092593446134269
0.30415025643202254,0.006614805481934626,0.7752551989968037,0.01807975234089799,0.03986430310724531,0.006258715680776301
0.21706596849941076,0.005446549830773166,0.784944278485839,0.01784648436380113,0.042242334160941725,0.00496398313427258
0.10337996043761356,0.0032027659690676167,0.7773828992126598,0.026986465404222976,0.04248514030301104,0.004851473919601465
0.21350081964154385,0.005049027490371036,0.7722144864469227,0.018465928247445085,0.04466656406985732,0.003970925543199248
0.12368439354597423,0.004197130275856648,0.7849459593274795,0.030374061872092722,0.044882149089275465,0.0038951783898385885
0.2511872443550377,0.007150966243878245,0.7930636452303631,0.024476372561919396,0.04221818191940397,0.004975352097581575
0.6216598288653528,0.010547981360552615,0.7271840109093738,0.01628208171316511,0.04196648375281557,0.0050957908931108485
0.18466665388474077,0.005605549361715605,0.7723731932538819,0.027964847320939387,0.04116732195270508,0.005503151447356139
0.21292274752063917,0.0041218752893224025,0.7902611809671933,0.025019307525244058,0.040110629207413206,0.006106382846289736
0.6109688667759282,0.00839798321225025,0.740899670259414,0.02126602372362602,0.03982205241507375,0.006285319654673761
0.34918991235912195,0.005882937172970893,0.7479770719902565,0.013956879557831831,0.04365363099046584,0.004352516602228006
0.4315503629917057,0.004734640115974996,0.7521557850217864,0.01698344338395366,0.044717714564757656,0.003952788071357644
0.0430618809766018,0.00257391407743158,0.7727625194122488,0.058085936178609604,0.04156192612698131,0.005297113321100808
0.05722906736395099,0.0031588705839167455,0.8099551908271686,0.04352362866955343,0.04169201275517601,0.005231310288749607
0.05129025009163481,0.0027207271534512526,0.7936705222365122,0.044027955718717655,0.04181981923918805,0.005167652753846326
0.05274916024110142,0.0034679027649010094,0.7889519535051408,0.0400089061380642,0.04159795931249012,0.005278783190837486
0.08951200067042384,0.00485159819719172,0.7653697640461935,0.04539466530916904,0.040887154238651024,0.0056555440593771275
0.07613374522630223,0.004796681557675197,0.8006576476838271,0.04181783414400906,0.04075288012442693,0.005730449639838224
0.056105670675780595,0.0020183793630219036,0.7801916823802525,0.04333903104718166,0.04269244274177295,0.004757928482552951
0.07821370035329583,0.002798041676852795,0.8045741579592217,0.04080123985933126,0.04115184668856346,0.005511434018338613
0.04365470038928676,0.0025695835333117804,0.7478381643851578,0.043370230724873754,0.04115251704657544,0.005511074910906876
0.021793226706838954,0.00258362686693259,0.8123468078382684,0.09208371177576642,0.04115879149089578,0.005507715140111228
0.003994918947043329,0.0004435877031988419,0.873556590012656,0.08637200163336663,0.041142669334096396,0.005516353223705179
0.03771575091475596,0.0028483347270248874,0.7971581941290864,0.04713507987632161,0.0408757053257816,0.00566188298754837
0.04684177639510344,0.0027690647070333797,0.8186125509234407,0.06496013160441176,0.04135794353835186,0.005402393128972137
0.26344618376827994,0.006715664530342525,0.7972522164172531,0.027060989894624157,0.04114426713809813,0.005515496381335401
0.11199115996710465,0.003701729161788865,0.8343547157164679,0.04055830361806215,0.040455169279642364,0.005901003024427113
0.18693777442225143,0.005694843832696659,0.8145181476752037,0.032914733544879636,0.040650955281475214,0.005788138374815167
0.12786913281943144,0.0037174562700170556,0.7976462632838377,0.03487230897709834,0.040734931857426875,0.005740555917847692
0.06498171051656189,0.003962077884532843,0.8073760513110936,0.04759184169071656,0.040774652903526554,0.005718219697372669
0.0340679472069932,0.002307760000094244,0.815186762847569,0.052294443169391636,0.04083673193183312,0.005683528097527892
0.017584428881273616,0.0018464788784849236,0.8557063204491308,0.08106334884038018,0.04090559499982838,0.005645352589587021
0.008499948015260937,0.0009534371424112821,0.8317872036302,0.07567362911123054,0.04097196752748181,0.00560886063252353
0.09786239899026145,0.005602718247194552,0.8063898371267486,0.03713958274521007,0.040820378904593536,0.005692641070792838
0.16589765901373651,0.004791973206387484,0.80075095626931,0.04034888085514754,0.04212247435158439,0.005020724951180266
0.16170623866113054,0.008567026622608453,0.7851718200725477,0.027811224996466218,0.04122633356263073,0.005471710066027572
0.02395795499317948,0.0022297032853457774,0.8107033957697618,0.07261295202876282,0.04221519421304606,0.004976760734400739
0.02362162940124001,0.0016885180376551975,0.8204116037317788,0.07729814958652292,0.040364923195151045,0.00595395306028554
0.03978564875923775,0.0028830798116103256,0.8004496343783288,0.04509604346777153,0.03954341493145688,0.006464355632595038
0.027096502931144177,0.0025894037806266867,0.867727912224873,0.062214313077388055,0.03941938571709555,0.006546098248313821
0.020094225665166547,0.0024409443102191386,0.7964334710962939,0.08792613833286662,0.04180116464479181,0.005176883598684167
0.04774392949231133,0.003114677606081974,0.7829037231864248,0.044114656184566975,0.040321390794685254,0.005979707124010784
0.02360276913197648,0.003072127395940495,0.8143873444405036,0.08479968526003197,0.04042330300811497,0.005919632421135836
0.09077878282638821,0.005348233529658126,0.7786530125459987,0.037837731739980784,0.04552606455556473,0.0036794379955263586
0.014648080735501542,0.0017063977726013292,0.8223872034117238,0.07309045469074087,0.04051718201057095,0.005864959248931514
0.12817366140213807,0.014714269956433877,0.8083579639151136,0.08604546780871374,0.02990053983771192,0.019774513649764725
0.08357013245984492,0.009571626361841536,0.8106476241974278,0.0877804627656566,0.029850850017510273,0.019906509648510862
0.14007609193932,0.01563181708183264,0.803197753085131,0.08111731495667708,0.0301349531878123,0.01916636893348966
0.0851569232031556,0.008397778344788666,0.8499784234692008,0.08448982188458344,0.03008454429915512,0.01929515085674776
0.1435546464016461,0.017178769700481468,0.8031174355687258,0.08426215641874508,0.029833948273633382,0.019951658315877176
0.09271190983926104,0.009058016139435566,0.7904926689555077,0.07551034829624281,0.029805572135353835,0.02002774610574044
0.24220493066643922,0.02023194991489048,0.8139505018719269,0.06956776379586727,0.02963813117274685,0.02048418384940781
0.15901693410142867,0.018357975764247105,0.7958313645135993,0.08406257236298016,0.029601163168244293,0.02058670403156804
0.2287199695836256,0.02231802760132914,0.8175287044339652,0.07573990719185103,0.029968059899749627,0.01959690177859286
0.14682627699818848,0.015065934807377267,0.8202792687635938,0.08055099164768521,0.029925635612578064,0.01970826505231186
0.22928789465048718,0.022279414568315344,0.814105354754549,0.07897786087869665,0.02988857854242139,0.019806187397169807
0.15249365175561003,0.018283693483828238,0.8185682035247244,0.08121106850204997,0.029839310305824807,0.019937321174680712
0.16218580158087267,0.017468778239757593,0.8071999504406341,0.08493448781663146,0.02925759079997627,0.021570871027660123
0.10802332726867304,0.012028483560247894,0.8242198177058535,0.0724346866857226,0.029254060760307333,0.021581284599270504
0.08211603089005175,0.008048289574129805,0.8049342850709418,0.08704673000806298,0.029489590655871735,0.020900032027124763
0.045171141154674965,0.005064778374311587,0.8510445443304696,0.0759422082649169,0.02946672979013578,0.02096496615977311
0.041281330531786495,0.0037090888928031445,0.8185372988021428,0.07428972137782222,0.029311291932670763,0.02141322520311615
0.33573430914763613,0.030083511295584807,0.7964397280661096,0.059508979048374086,0.03022034384005479,0.018950659261964476
0.36696052299082405,0.037839553360107324,0.8238189682056737,0.06921877192411577,0.02996945173735324,0.01959326156455023
0.22420190416441146,0.026730609727214714,0.8012837236492458,0.07935229230117354,0.030340974953379115,0.018651072078397994
0.396701631016767,0.028694253540475674,0.7870959943686766,0.05529305873990309,0.030479946349694524,0.01831323782290531
0.23406267354333735,0.02414281764048968,0.8168588707880741,0.07366141772847812,0.030545599035600488,0.0181562996607872
0.20893216276320897,0.022978235030090412,0.8265322064491972,0.0785995633047155,0.030602647119703497,0.01802129311500396
0.12856695167915652,0.01824520237990775,0.8639245437045935,0.09235171044806607,0.030553479491065752,0.018137575172798487
0.08260273529603286,0.010480539549055217,0.8140737932599398,0.08533919247469646,0.030546301475679397,0.018154629635673557
0.05539923490314944,0.00725206627856092,0.784186196667033,0.0978842923800975,0.030547625458275718,0.018151482438377484
0.14227620298006477,0.017459263316853452,0.83341174638435,0.08912461664124045,0.03245575865438703,0.014244751171512728
0.09263416351556142,0.008091588346824588,0.8085304894696268,0.06410893914458493,0.032465005345441236,0.014228529329059748
0.05495422608859489,0.0060943341632772995,0.8306699177515081,0.0778108332085046,0.032576558780049655,0.014034634445812533
0.034119487245275665,0.004445012797759243,0.8431375940092842,0.093506145121528,0.032826918762570975,0.013611357683926817
0.14771961216030227,0.018359401873911524,0.8039864334325711,0.08837290340409801,0.03204769458006922,0.014984241226933426
0.09215142345734052,0.010321484849126109,0.8162675329752486,0.09265165479921758,0.032021265819394074,0.015033771495210459
0.059994682893757166,0.006386449049937302,0.7921291469559416,0.07209059129446263,0.032041516928180004,0.014995800504913673
0.034531616855973335,0.004656193737221194,0.8237755789081515,0.10672980421140037,0.032085494891253404,0.014913753446817342
0.01998032649463566,0.002522311245417926,0.7730997947891137,0.08874349774411583,0.03215234437774991,0.014790108121053629
0.011923680878084111,0.001487435353038458,0.7610745071121152,0.08952790389897727,0.032222795456232384,0.0146611848792629
0.1352647358261837,0.017964526441082363,0.8437828409150394,0.09699347011928201,0.03137083901589271,0.016319896189576466
0.0832797352382362,0.010513853461012173,0.8092884928863995,0.09132926931611801,0.03137083901589271,0.016319896189576466
0.05121404650438502,0.006232741263899033,0.8169618006019784,0.08525877992790028,0.03137083901589271,0.016319896189576466
0.03168793901948128,0.004072239139853866,0.8133353636989705,0.09095959417461275,0.03137083901589271,0.016319896189576466
0.02038244458405597,0.002559406507974525,0.7780037625215694,0.09424766225045896,0.03137083901589271,0.016319896189576466
0.011176606179940143,0.0012763705626907724,0.806468561584373,0.09155651037427429,0.03137083901589271,0.016319896189576466
0.1523994504379009,0.019343252057414936,0.8321823110819228,0.0943037626111311,0.030412097451120442,0.018477211690497198
0.09729238339395091,0.012608316505459113,0.8109128774181438,0.09723258265533374,0.030433358351013046,0.018425632673431763
3.7303344903665274,0.22516044219529252,0.5039884652186583,0.028345410746524045,0.01664011775070815,0.2061561749235525
0.03748957883180223,0.0051707924084404494,0.8214680548933307,0.09517890886533067,0.030442278009575306,0.018404047149018405
0.02280954053417968,0.004026515822681849,0.8096734099346953,0.09931829081820642,0.030446420624446267,0.018394032793442792
0.013347058438290106,0.0021273478582597687,0.8535248781065757,0.11338093810637799,0.030445624209445615,0.018395957517778307
0.00579790271586498,0.0007297876185786121,0.8327147261635894,0.10622898838590536,0.030449509137277467,0.01838657105562808
4.001442511881181,0.10392769126116502,0.5212664576564919,0.01779663351560281,0.02950433339522159,0.020858289974896162
3.255166422135708,0.08963130793057895,0.5220542070256026,0.01768116017802332,0.031570489263399094,0.015910970795837705
3.4618798490230884,0.09305144283160005,0.5399164487851199,0.01970227937958669,0.030808662437229715,0.017544078149409364
0.16530813311072196,0.02026515150005223,0.8071447875210838,0.0794432463790439,0.030787280714192018,0.017592866295083918
0.10312622545317691,0.015936137653454776,0.8092166793617581,0.08957908667172416,0.030734361722812367,0.017714346483358734
0.06764390483590554,0.00965277469247816,0.8123245351666676,0.09600750037661662,0.030715596221954456,0.017757676046541524
0.11280056345965966,0.0164574318537156,0.8563072538841929,0.07639622278972258,0.030783809198345752,0.017600803486422678
0.0743503312406354,0.007515481443892755,0.8027846862751039,0.07417655667739197,0.030857246806122757,0.017433847056224118
0.043549975691017144,0.005622700277717504,0.8089561135396737,0.10083705998803931,0.030993104144463775,0.01713016814369432
0.02672121033331271,0.003509366340105673,0.7899987779770118,0.07866168568150035,0.03119648698250998,0.016687802980578946
0.4989040665133796,0.03459826600881813,0.7878787259538357,0.0508036877786267,0.030318414567106915,0.01870664824059867
0.28709701419950007,0.027757299494400995,0.8173933377628319,0.06113038694369638,0.030282677185256946,0.018795109505402516
0.5718178028896524,0.03776006104804904,0.7800268618277438,0.0472013088469314,0.030404270727569897,0.01849624479012377
0.6848420090857267,0.040143530582141485,0.7663379099988207,0.04042157678403213,0.03173646708402266,0.015580723164565373
0.36134449439498845,0.02819849542767899,0.7904824936690209,0.056136544005349,0.03165973359774037,0.01573232478796782
0.13096684585145174,0.017420222774909257,0.7949754401897229,0.07991854792663824,0.03167580106569589,0.015700428343492553
0.082817522538716,0.012210940294129963,0.7826935346925775,0.07735215408929993,0.031658778335373026,0.015734223683480885
0.04558756338300475,0.006429890069625737,0.7883665517629809,0.08663740433292662,0.03163853801755395,0.01577452534586612
0.8052771228016274,0.039540261388576574,0.7490201803839615,0.03375111266853443,0.035084905468028504,0.010431354035869105
0.8674719300749588,0.0434564162507036,0.7328215916659571,0.033942625025862934,0.033379666380837364,0.012731921766637466
1.0126766266165543,0.04811157651677799,0.7390042413734162,0.03358592551077852,0.031208137565542245,0.016662897452203417
1.2063576917964636,0.056017406343626584,0.7360535789653515,0.03229360849497575,0.030483615369117593,0.01830442266176155
0.5593936352805687,0.03630657892249465,0.7981930835359962,0.048500577269436566,0.03049953240277336,0.01826624186453666
1.1515775695475778,0.0532560863720181,0.7318047874630482,0.03251035587833379,0.030623878692913258,0.01797136832461197
1.3363137342642306,0.07746891441715428,0.714529697620667,0.032804870217507935,0.030448094508190676,0.018389988279774408
1.327566380612177,0.09952635723722084,0.7179865568204704,0.03775290259358986,0.030534344730535512,0.018183082555380273
1.351571469700853,0.10125685814350129,0.7058372423470283,0.03683167019908336,0.030573106241935877,0.018091045517160377
2.223967709027348,0.1231653954130738,0.6313529795363153,0.026690744382551628,0.03006119679425204,0.019355164265879854
1.4580750864383663,0.06000999711251535,0.6902344223466609,0.026564029297899014,0.03428020091483472,0.01144586169164574
1.5438761933559317,0.0946920499780386,0.6819033921903626,0.02968741511356589,0.03413338899876194,0.011644056057397642
2.2718337441699092,0.12208454926044736,0.6302714960889513,0.025194273455420114,0.033142186630515075,0.013100784232076597
0.6505908211604046,0.07004262895676429,0.7775291382256253,0.05301008738028678,0.03372533509173977,0.012217907543803355
2.364947703447094,0.12363970326449773,0.604239900338615,0.02405722018147088,0.03322311190767373,0.01297360562608251
0.18128351319386046,0.023257414314416913,0.8686030353512493,0.08463707573784454,0.024842787818465203,0.04149737333252781
0.06063570095973658,0.006763657473547622,0.8037801378018367,0.08043744857525965,0.025529569869118883,0.03720899477064596
0.049880295252241115,0.007457925916381212,0.8579277781763291,0.09068975103665237,0.025275634600207677,0.0387269821210739
0.10772792866405889,0.008785058336134377,0.8246207276018296,0.061328899597943284,0.025453633423729798,0.037655011742347165
0.031573570968846124,0.004773084899341594,0.79648533068333,0.08793912952970477,0.02532360469529374,0.03843437527015942
0.016713991601598442,0.0026116405826558616,0.8376290591637119,0.09242649281938821,0.02537091441762017,0.03814849831379703
0.07959644551099634,0.012876536752018409,0.8057513202940797,0.08039091639175958,0.02508376318965897,0.03992557321959895
0.0509392940496665,0.006194414260834552,0.8645098591527824,0.0957611960176613,0.025095841345664092,0.03984876698280378
0.029979869331468886,0.004647355358229305,0.8762580506196909,0.09337709089963085,0.025124922444507283,0.03966459359737042
0.01985562867624209,0.0030421949323577867,0.7936066504400904,0.08425685519438497,0.02515205177171455,0.03949373930698235
0.07522970045527305,0.007497417380212555,0.8005751606019126,0.07833019717855097,0.02535675076653763,0.03823380496979761
0.04285817263118483,0.005799917201832173,0.8586632228613628,0.09179839559131842,0.02538391835783708,0.03807038591075343
0.02593097191577039,0.004072196509089462,0.8687464512820782,0.09172074176425554,0.025426169006896773,0.03781796979688211
0.011301217300854028,0.0017686218871119353,0.8791784189836306,0.1084063147502168,0.025457934838334455,0.037629569180243336
0.10744275540597131,0.010935679808160433,0.8092291443698106,0.10392432405215608,0.025401098002050836,0.03796749705712248
0.06929632336467291,0.009840120155246376,0.7971111634402188,0.10233096351637262,0.025396081989773667,0.037997501978599024
0.0421564539692197,0.005606001935042473,0.8231657383091772,0.09965981521947133,0.02541507706513064,0.037884032851586445
0.02644059726861152,0.0033829369760354625,0.8262366655482609,0.081316235039174,0.02543723301148497,0.037752216531683
0.015764063242512345,0.0019487975920615892,0.8531978892671093,0.08916221949087062,0.025464147114420438,0.037592861924201484
0.13234918225626338,0.021869185244624122,0.8366429507717922,0.10896236727527911,0.025591894440681343,0.03684785276849313
0.08590052353717258,0.013776184404145355,0.8416775533073427,0.09524704450898573,0.02568882030086647,0.036294873345429884
0.048117032899140176,0.006901432711520764,0.8657538627277381,0.10051146480437864,0.025776797691675638,0.03580190008786868
0.03534634740450127,0.004712237927315042,0.822650126729314,0.08245821897699802,0.025835274618143864,0.035478855300028145
0.9949964692657068,0.04041113732106053,0.7493161324613001,0.028870250115411538,0.024890549976656014,0.041179773835139426
0.9056015475538244,0.03321071279162404,0.76277424256099,0.028057566986295655,0.024850737735066925,0.04144429766317247
0.5183785186926659,0.029260950258640298,0.8098121229899385,0.04143594753623862,0.02483392198246207,0.04155666416410864
0.3216513811483809,0.024476478075951845,0.8347156707683496,0.05642187734297212,0.024846414372658308,0.0414731509999775
0.9254874206378636,0.04546403494084896,0.7662880882770913,0.03503671026197431,0.024756105077962557,0.04208164018826447
0.904181549680916,0.032035873947312124,0.7797514208997579,0.02695787469337516,0.024789869614580327,0.041852842402146734
0.5490143635667767,0.03729299337255329,0.7972395499387966,0.04175772576987003,0.024792892138817482,0.04183243686028343
0.3463671772616329,0.02465854478558047,0.827859712070674,0.05358866994194247,0.024797025120971213,0.04180455456484536
0.22928115575838046,0.02404440758114175,0.8259227266078389,0.06916513711265809,0.024834056161971728,0.041555766041370575
2.2065412480360327,0.0721356736725847,0.6467310496440349,0.018449444456563067,0.024948449370506574,0.04079882883735864
4.5866882793028,0.09230175965497955,0.49065173970389875,0.0101184101559828,0.02483806344822445,0.041528954683131926
4.446767213213228,0.08360790958462151,0.4883472403824208,0.020639780906098894,0.024922568463379743,0.040968563607743626
3.403249306948927,0.1116526981394587,0.540181470994726,0.010752748556472803,0.02488064429098322,0.041245392322925185
1.053332605831334,0.0416192055739158,0.7406715105637836,0.02728781507837411,0.024858623975680654,0.04139173092336917
0.567495753161503,0.036141109787957586,0.796314910022316,0.04310021484854679,0.024830411998250035,0.04158016666040374
3.413210568430628,0.04439784540678494,0.5513873012130539,0.0036026055957155446,0.024822701907552595,0.04163185100206782
3.3725660977816667,0.054946517621841454,0.5498273894956708,0.004830491798718009,0.025010024654704057,0.040398519427030356
2.216844389441995,0.0770883735651431,0.6369774317977749,0.01947426875261026,0.024965946921970593,0.04068457249144755
2.130197093092111,0.043146592247246665,0.6351364727671216,0.008251695804505174,0.02489892009987427,0.04112442910288436
2.2402047611065203,0.11683182369585816,0.6286008119701767,0.021286679463787973,0.02484416340136341,0.04148818351431144
1.555675233033801,0.04583835432039685,0.6913118163265339,0.012689443680905186,0.024941505262654293,0.04084428396193635
1.590142225102217,0.06338358984271705,0.7064291483790329,0.030369600608657284,0.02492898023096592,0.04092643118510851
1.634305421340424,0.04732923549994857,0.6921874147241347,0.021833774666353195,0.0248478336679375,0.04146367611293496
1.0574402425504446,0.039606712577431834,0.7504324818493343,0.0397239103120442,0.02483758922274824,0.041532126432559296
1.0270659378476414,0.02849105729926988,0.7589846667998721,0.027906101425064857,0.02460161799279568,0.0431486533220586
0.5609820966496593,0.027735805471507585,0.8045065366465746,0.04491050433019296,0.024631822021037614,0.04293740334293832
1.0482415398686968,0.03177951366116488,0.7571058374812034,0.034052038561416,0.02501885337506434,0.04034152585062335
0.590119566183008,0.031204320926815982,0.8008693511687514,0.03856538927362058,0.02503051663969167,0.040266387947857765
0.35601260310438887,0.01593835405682072,0.8239718396105503,0.05102684846297558,0.02507577786758257,0.039976454334559396
0.8037020151558605,0.05275022754018346,0.7492091447765804,0.03975286247422529,0.024569278028849423,0.043376284505869896
0.43518121797660175,0.021340059719712732,0.8124630010701417,0.038739801968545796,0.024635852583553643,0.04290931104588242
0.747782748807151,0.030776702509677675,0.7727483458681778,0.03202397331007423,0.02466391240490641,0.042714374503766916
0.7667827765454649,0.02383469988801879,0.792473344998465,0.03845114986455255,0.02472402323814182,0.04230048587471754
0.47694559776167333,0.030691240785623172,0.8172728421242614,0.041761415955357324,0.024797439456785135,0.04180176061669552
0.5784357737417501,0.03997227295198552,0.8169077893551931,0.04711663668571024,0.025031414422105932,0.0402606114448521
0.38303404705158106,0.026843261658099173,0.8087222047274601,0.03654160804325362,0.025033933651279053,0.04024440777518926
0.24308769272755337,0.023089668409426833,0.8326500027451311,0.05635463524668949,0.025127503477950824,0.03964829912225557
0.5929557467299479,0.033410246568913095,0.7593773152372945,0.04128500566762025,0.024958261833886965,0.04073470562448942
0.3457309298737959,0.02494507788771137,0.8205172981852289,0.04941215838424249,0.025013748856882203,0.0403744656703797
0.1666457577912634,0.016931677763216663,0.8049326258971581,0.06049864759753314,0.025151324111658165,0.03949830992340142
0.1099726785173709,0.011375116046500242,0.8174133093439616,0.06898382968702203,0.02517364926351376,0.03935838052146553
0.054441275779268904,0.002160722050075056,0.8980809010888162,0.07443405877253692,0.025150486168501494,0.039503574074937924
0.042432707165230614,0.001952168240168676,0.9577514382068749,0.07401751476943723,0.025118701604699305,0.039703901164307415
0.0999239789448902,0.00545518335551626,0.8603379390694762,0.03899984517357253,0.024900080408137095,0.041116764279494865
0.07414087115709268,0.00541666146200206,0.8120802688584118,0.07083790107099446,0.02485555064360927,0.041412206692640056
0.12987127198395793,0.01663916292443596,0.8032569245847829,0.08239323791958807,0.024981846438300905,0.04058109771436733
0.2299036443194504,0.017540080600171832,0.8625768317579895,0.05990694878192208,0.025131916451538443,0.03962045869579776
0.1550682678464743,0.018261692886795536,0.8370122963711316,0.0686615675327846,0.024818834126881486,0.04165780879082345
0.18595841252149736,0.012993820815899348,0.8149570269617358,0.07804040705257886,0.0248801948544461,0.04124837263536994
0.11557809458879903,0.00960766273623033,0.8167765889964405,0.0667383714866279,0.024947257851507018,0.040806623852399714
0.07492835692653593,0.009598564018978299,0.81729611240009,0.07429185735675828,0.025050690577317944,0.04013683449907303
0.04635960497346181,0.005459193594174815,0.8208275122029887,0.06390986031884513,0.025208705205530993,0.03913990524598092
0.44252715813369425,0.03793367109697899,0.8118842797782835,0.07186656289337318,0.025032787904453933,0.04025177620228965
0.25198828219231034,0.025909668470817854,0.8404668613297822,0.08019875832678917,0.02506984274223541,0.04001432446237913
0.17422315358692203,0.020862439258040235,0.801130834987,0.08239433884805453,0.025076357527131807,0.03997275811512188
0.9969488798561986,0.04558871975996892,0.7573142996452104,0.035929927506869894,0.02346053826135876,0.052175910941807124
0.5172287107309814,0.03857545589780288,0.8013503288143463,0.04907628141372426,0.02363969529586423,0.05061210853341858
0.9601545534338477,0.043428141679032146,0.7490191878029563,0.03469159341547647,0.023574239357130274,0.05117656981073043
0.9483162880518365,0.04803493496321126,0.7376504496090902,0.035630230854020166,0.02365564964347523,0.050475707013741586
0.4804317988056738,0.03395484335751197,0.7886846730167433,0.04917240453710486,0.023688929595961427,0.050192656229682046
0.44955641068573876,0.03206008980467014,0.7765287757932332,0.05443826476074014,0.02394272538925746,0.048098063412770974
0.945201996351594,0.05501977933226249,0.7170611869940203,0.034925526014100414,0.023813232252845696,0.049152831113128265
0.7364188419402365,0.03716679875479288,0.8106507847550176,0.03900666436134742,0.023923736915584214,0.048250948681659654
0.44920359036812446,0.028024862974103008,0.8363897860306504,0.050079458606531894,0.023903598347273135,0.04841375826054211
0.7231078376338205,0.04115181807315476,0.799877167870376,0.0492636303998485,0.023894886382523562,0.04848440261057631
0.28537854989837697,0.027045401750264677,0.8471801420755801,0.06371147417689951,0.02388149492190949,0.04859324391951127
0.1939400907919156,0.01945315627444131,0.8636660583522197,0.07745564163866347,0.023888229911122622,0.04853846604870228
0.7231145034964936,0.04180575791994294,0.7944609964401133,0.048306493432059144,0.023890041502241693,0.04852374496039196
0.4154191207469718,0.028514041457321868,0.848808133170608,0.04767810350051154,0.02391596285830931,0.04831371656212435
0.2688868334936264,0.02627221628114346,0.860504844857776,0.06614132770300325,0.02394023401628936,0.04811808809952417
0.18690955986564614,0.021520115389080396,0.8545462171298409,0.07475027685973835,0.02395782644349573,0.047976909680454004
0.7626402661220668,0.04559721101832706,0.8141218125104139,0.038173077776740026,0.02406146840189085,0.047155615523345566
0.7702913236660908,0.04252955000828906,0.8020523788602667,0.040042704559739975,0.024059710444315475,0.04716939900718455
0.4523390249999676,0.021957873319001908,0.8414570300399963,0.046430783774572874,0.024074969907263967,0.04704992294382349
0.2992323730699232,0.028449648832892308,0.8528655620237645,0.066202857117137,0.02406886135922493,0.04709770520359612
1.1085726079189597,0.04946018126614898,0.7530040780254231,0.035862236291540915,0.023910485770940352,0.0483579999591107
0.5970122490736001,0.03680750750888039,0.811206557024123,0.04237318847176581,0.024020380701767548,0.04747908962110809
1.1088933665366865,0.04848366475190403,0.7739402651394426,0.03820442306618399,0.023953184183099198,0.048014113262468634
0.6342277194918916,0.048055441206185365,0.7920603187968216,0.04361036041373292,0.023933469583184225,0.048172510565247705
2.334597988620572,0.047898017047621214,0.620573899280298,0.0174375343906892,0.023772646675521987,0.04948935409552282
0.8473593630185404,0.051710981082477445,0.7447194136787532,0.045662000178872585,0.023979785282627765,0.047801416694555676
2.4070282555351135,0.05141688254930247,0.628844439779242,0.021347596086634023,0.02394406079865184,0.04808733419969996
0.8815541677086868,0.04321524881948925,0.7622768534312142,0.037555096154692096,0.024199538006582158,0.04608861193185928
2.3715617524732013,0.060479603210291555,0.6276910834019277,0.020326257297047855,0.023786242222241433,0.04937630417716415
2.3932534502389515,0.061660411790946154,0.6094197944429975,0.01500089980889208,0.023785582841113474,0.04938177962121453
0.8629308889891384,0.04375505245676161,0.735789585405498,0.0360649006724811,0.023977791194608196,0.04781732009834234
6.187590242994374,0.2246842770136192,0.48974690352884054,0.040736461169783786,0.023984526692682626,0.0477636291789135
6.337639772541994,0.1359436254542794,0.4716136497796093,0.04173981586030091,0.023906332159386277,0.048391616609273824
4.981492552037026,0.10051420666563034,0.5260582895371004,0.04191457337897319,0.02371914655521767,0.04993737323821245
5.050787201096338,0.13689560561758168,0.5249486325151719,0.03954147124834656,0.023804308533719825,0.04922657789173665
5.020739171498183,0.09542806967549307,0.5134439793838832,0.035377219737136395,0.02370197384446239,0.050082254421528534
1.11771535686371,0.03134784653478846,0.7487821424869949,0.025224558665575273,0.023732530479771214,0.049824820070791115
0.6139299083005334,0.04274038938427861,0.8175684639372766,0.04351265579185269,0.023696853720946272,0.050125553072408055
3.641242659520946,0.08021393630719796,0.5475268203261859,0.015538485808739063,0.023807039036415206,0.04920399798488375
3.5987959026596954,0.07835072617862865,0.5503306093139206,0.01620443337360316,0.02381113821400029,0.04917012411531471
3.6080369498363885,0.08902096503441535,0.5452968639845152,0.014802114694025682,0.023965723924768347,0.047913701158158024
2.3110337949773143,0.0613531659496952,0.6458484072642728,0.03471177093155876,0.023808664419203755,0.049190563020079604
2.3606968530945127,0.06437075572141711,0.6554026150313619,0.03394360857586758,0.02362572264986174,0.050731946168933555
2.3268047320268073,0.065854858954291,0.6375477453937609,0.021554032213262398,0.023760029015813342,0.049594562285959314
2.059512135446192,0.05907536612089478,0.664368038992173,0.03372460972654509,0.023728533153660254,0.04985840265865608
2.1010363037925583,0.07858762934597227,0.6674645306819836,0.03733418499158617,0.023664621363059635,0.05039920523183235
2.0459322770979127,0.04670908315721719,0.6834325427482613,0.039038177381370526,0.02382706684911727,0.04903877300240978
0.8873222383695191,0.04671969763856594,0.7780228179613214,0.04186776004934041,0.023822578106786615,0.049075743751339454
0.5168918410040441,0.029803173349345978,0.8093950172488233,0.043187035265805744,0.023803734551187183,0.0492313260908546
0.3329207042073095,0.027259632880833305,0.8379891216352401,0.06439622125503339,0.023783698467857738,0.04939743147863486
0.2157707092017208,0.017222233734769707,0.8766893910063843,0.07836930408802409,0.023773199520393824,0.049484750763736186
0.14840223149876441,0.015622947280571372,0.8708497304298771,0.0783905235506643,0.02375949076034262,0.04959905656605518
0.07052662491501636,0.008648436254668506,0.9144226888582815,0.08623526223306047,0.0237441612750978,0.04972726739276084
1.76819264663663,0.05829338588798383,0.7017302014379897,0.0338564068637807,0.023717657248080126,0.04994991732568268
0.7992749258914311,0.0425730343573453,0.7987252526409034,0.043991700241486825,0.02377938939053585,0.049433246564253484
0.4680146421639437,0.029042247296520187,0.83323286342441,0.044490864575226476,0.02385672215470646,0.04879539498246121
1.7891550244274956,0.061538677017352016,0.7051959584216574,0.03262861561415743,0.02357829940393298,0.05114132967680002
0.8387028233820536,0.040407398773757264,0.80016582792537,0.04492921755993395,0.023567322835290297,0.05123667332225185
0.5068689760187138,0.03255135833161208,0.8212445171713035,0.04588503455717196,0.023552015004370725,0.05137001007984458
1.7741280508144792,0.06759913951298538,0.6865497534659878,0.031571151986144914,0.023759979565244026,0.04959497516291313
0.7983437166981797,0.03846602538897866,0.7989969994694295,0.04524014123674513,0.023839613051108818,0.04893562286589079
1.5063323188978155,0.051600939565305294,0.7361579524080691,0.033234653327139506,0.023881593778405544,0.04859243932865469
1.4951071302976708,0.05736019842159037,0.7193062463087588,0.029865412624765424,0.024086353528164923,0.04696103960068779
1.5396706556101167,0.04429617062748203,0.7233144618253126,0.0319893173753218,0.023870136534698074,0.048685800568032775
1.2365179387351544,0.05357938662922592,0.7510082771619803,0.04056641007881702,0.023956637682043903,0.0479864331113787
0.6459949746210649,0.03367809310785218,0.810539153612,0.04462069239152393,0.02405710792416702,0.047189813636150546
1.2204667522731416,0.047145195712827694,0.7651020373872441,0.036315875582459675,0.023787743190449104,0.049363843096188485
0.6242341093233227,0.030960174001850478,0.8079582769303969,0.04830203702769889,0.024058257400738556,0.04718079557688488
1.3407042586279836,0.05916175747316731,0.7345102211178464,0.038560164482816475,0.023292871648616254,0.05369449892753168
0.6999105879176507,0.04570466927272757,0.8024360134763875,0.04853788529417839,0.0232880191874511,0.05373926562328742
1.3026010040130611,0.05484200398767674,0.729113345230405,0.03334522777475577,0.023374283859276195,0.05295033022145137
1.0013169918042368,0.04234841619593852,0.7526891751600858,0.03597402414009723,0.02344663284835671,0.052299796239881985
0.532717755906966,0.04360463490585444,0.7984752924588684,0.050024447191340256,0.023485853565294767,0.051951313616842965
0.07613595303723183,0.01138790626875408,0.7868425429756118,0.09085994382988685,0.02452896186327973,0.04366216397344487
0.05423184213921779,0.00725708711314328,0.7891799120691178,0.08896197553101823,0.02453805611514079,0.04359747196623256
0.037325771915511764,0.006227339764803411,0.8205495474662521,0.099539245349182,0.024576634839227614,0.04332437050774368
0.01874087763739117,0.0028110878129847887,0.8152837868957068,0.09999618266524679,0.024626400913153147,0.04297522375660292
0.17455576613388865,0.021098679064184528,0.8416114082376949,0.08690082332564432,0.024109602909039834,0.046780159504763136
0.1706138484648286,0.02063843445605383,0.8701327048683934,0.09124456619490107,0.02400897805733655,0.04756935135257487
0.09089685381170202,0.014400178134670866,0.8714705238690179,0.10209960195686284,0.024641643974810782,0.04286898629875187
0.18266358413117312,0.02099535867538341,0.8429263990274389,0.0846243757966512,0.02403860089906821,0.047335304989999154
0.12431699561070579,0.018158426482694768,0.8473457622639367,0.08429003217330497,0.02408612394910435,0.04696283007980726
0.05854057083120042,0.007446217879452377,0.8642013000698049,0.08520114810806659,0.024670587939078333,0.042668161490110386
0.14564961619044026,0.01977388982008656,0.8491006248314673,0.08722118324067561,0.023912960653048834,0.04833798373905903
0.0863061695468093,0.012847047569138225,0.859844796522846,0.09376433803400182,0.02443210363886211,0.044358666341323426
0.06097240850706798,0.006489950230561413,0.801588503262532,0.06836206452293456,0.024439999782034465,0.044301368031269585
0.03479803934715189,0.0048758045749035745,0.887148918261108,0.09729268992613409,0.024471638004651148,0.044072711370005326
0.14491595800607365,0.017851457961484327,0.8654859312092982,0.09396036863854217,0.02403416406534156,0.04737026806008887
0.10071407484321901,0.015575551770135771,0.8543731770051406,0.1016044534496654,0.024054195865970997,0.047212669430764125
0.06864375862974216,0.009858589456154603,0.8578946376497535,0.09250721710872568,0.024045078659781522,0.047284316944185945
0.03911509887366998,0.005423463516222186,0.8756089795332582,0.08246044879644285,0.02453654356308184,0.04360822320243358
0.02644704029490181,0.0034337646681776007,0.8740646728272833,0.084403879677808,0.024508489080369088,0.04380823689795758
0.017603959377169714,0.0025870701729530476,0.8222688289601214,0.08259642713042954,0.024538831963056573,0.04359195851658378
0.6772598522711923,0.046447464262325155,0.8182855660961563,0.04893220803829639,0.021785467114930138,0.07017047606174999
0.42061179058490744,0.03639638610102599,0.8513029761101404,0.06243756638012835,0.021784243874867274,0.07018623838393435
0.2744558614971208,0.029127362616928176,0.8653544355366689,0.07827601580111368,0.021790060930532307,0.07011132096245778
0.19592695314005984,0.024786082677631258,0.8855034643413034,0.09602404683605285,0.02178385295876904,0.07019127655033446
0.131767828432277,0.020210687817991693,0.8722926620710636,0.11421479814490756,0.021782885413499178,0.07020374831636171
0.10845125825872404,0.017840492119041988,0.8254913847756871,0.11962518785947567,0.02174840426412462,0.07065002821371251
0.06589017913310523,0.009292276077341347,0.8918444540016989,0.10846272782140619,0.0217955798986847,0.07004033497267893
2.977602249410693,0.1029233875910416,0.5848517076948352,0.02136341788899216,0.02172794020598266,0.0709165661523692
0.45061154525321523,0.018229403102652288,0.8290597340019985,0.04103904541786475,0.028097656930585784,0.02535954786496511
0.27023859307811393,0.024517557159457515,0.8770882548597996,0.0740910231511702,0.02157659395844226,0.07292733997761928
0.41487039986141006,0.03665876190352415,0.837355876995758,0.059209584566810164,0.021586656444071414,0.07279145652273025
0.18678239484702655,0.014993950923467772,0.8550392377325315,0.07931195860923367,0.021572782217712885,0.0729788963866713
0.12595538191687025,0.011886884280615719,0.869365357492448,0.08033998293994427,0.021578362715720785,0.0729034317866069
0.08610640348698259,0.010214801764363873,0.9158882317952729,0.07372351398080561,0.02155990466651203,0.07315341140745601
0.06601238894145267,0.008361530021344843,0.833142703307221,0.07864391651411665,0.0215954573477203,0.0726728687896973
0.3311053793563655,0.034961055808860525,0.8491278238918142,0.056402294252038,0.021676173942135175,0.07159643841538679
0.21308190867391252,0.02544096544340302,0.8846047815139785,0.08887343972647703,0.02174716001969204,0.0706661983156775
0.15273716600305626,0.013114871214682978,0.8676028209646963,0.0784839943033207,0.021828830368449712,0.06961455708830433
0.32087211582896985,0.033333727478847636,0.8530047692958127,0.07287742020820125,0.021758926397475856,0.07051346817416575
0.3815611031995666,0.03457336695123001,0.8701454474353749,0.06995869487687519,0.02162066163226855,0.07233458732841225
0.25779767140498105,0.029856730958990736,0.8665629806086791,0.08423792772938218,0.021726997163933174,0.07092887924978215
0.1753200969100348,0.01889369347780495,0.8593253020398504,0.07713837896738615,0.021830276681668488,0.06959611033197026
0.9723228897328535,0.07478567434921153,0.8007061293599572,0.04711348953956381,0.021689348259075765,0.07142264340521849
0.5583142996045944,0.05137570778010697,0.82773032142833,0.06511574297813208,0.02182373749664812,0.06967956192786173
0.35527565814194734,0.03565506254427075,0.8534920139539265,0.07483464627358331,0.021965572917933173,0.06789718787009477
0.9435597619172018,0.05755612855195399,0.8157875996195678,0.056053116884733536,0.02166705435894837,0.07171705324459257
0.580846612806616,0.04966884230106956,0.8327561507444394,0.057704011950124666,0.02172826381304353,0.07091234150026483
0.37619743074812,0.0344895297971297,0.8517272088184881,0.06991914794328377,0.021736865526188864,0.07080016237301892
0.2453292453307914,0.02214173281821486,0.8771826557271508,0.08894743276507067,0.021740775658927642,0.0707492417690652
0.1685985293683595,0.014690202455200144,0.8557242511002,0.08010720622613457,0.02172199719925346,0.0709942073784343
0.11384285545420425,0.012550930912922859,0.806511995993463,0.08526210196139232,0.021699958199599752,0.07128306075645147
0.6575201509621059,0.04866906434166131,0.8295394256194122,0.06239125464449308,0.02195349310973054,0.06804675171503663
0.4106138048157948,0.035724804000555346,0.8518287702413921,0.0627051713608364,0.02200687101976972,0.06738895718245487
0.2720796542911379,0.021544719642640344,0.8646083083218458,0.06244278384330186,0.022013564693983627,0.06730703060073998
0.1868260515509911,0.017501741463629986,0.8730224396200205,0.07393480135791972,0.022001423720293612,0.06745572089527918
0.1294843840999494,0.011968015771102536,0.8554620335935029,0.06651666656753338,0.021974133954889723,0.06779143976952744
0.09231885787029531,0.010851979805173443,0.8669295770917101,0.07985126685687449,0.021962604097356963,0.06793390764035896
0.055035907220430544,0.006318650318008519,0.8496305449196268,0.07628789859994008,0.02194799782466124,0.0681149268193
0.030937338965850734,0.0033885828539308156,0.9724156363254906,0.09123375914997466,0.021906937061572818,0.06862704296128945
0.9609941413532487,0.06773780626546311,0.7896825045276715,0.05435974287893338,0.02152719184426033,0.07359908306503679
0.5593245388316617,0.0539754957634102,0.8303557054435498,0.06816664220284688,0.02153573118228185,0.07348241858208361
0.3643652950193179,0.03985941312539305,0.8449790404334862,0.07242054230211084,0.021523819057327174,0.07364522587613809
0.23586037877850255,0.026685527452009174,0.8689837269421986,0.0820061884626884,0.02148700646530529,0.07415121478270328
0.17190905253895675,0.01650980808674985,0.8611990419821959,0.07889961205569924,0.021480655428834775,0.07423894878508455
5.5327301287839905,0.11956316195596518,0.5091548649925148,0.03429917699742938,0.02178324993566399,0.07019904925996938
5.4796364017463395,0.1964917152932211,0.5030548270520893,0.028776292795051082,0.021785080294617804,0.07017546003941783
1.2837791331633084,0.061555559372284775,0.759698711103162,0.043457948720343365,0.022077903835306494,0.06652587246041616
4.553583833042109,0.11457064816448143,0.5208439150181591,0.03790892434548804,0.021692158645128804,0.07138563718572541
4.749800846025038,0.1444106839358531,0.5165579178674007,0.035480342528907985,0.021540948148258767,0.07341125810553688
1.2362755151120448,0.07086441009335809,0.77960288430618,0.049711736623449174,0.021526756382140636,0.07360503855311025
0.692870946655946,0.056185768569796825,0.8174738990734458,0.0599983158624786,0.021524764084043316,0.07363229340032472
4.574987341741412,0.1368239578905853,0.5264508273714559,0.049536326800402784,0.02165062207913305,0.07193502703033668
1.1549878565395224,0.05476633315906523,0.7837349211986053,0.04642861383953405,0.021845290127097516,0.06940498433006143
3.0013653073580895,0.11491971532133959,0.5989756630268874,0.03707242196877204,0.02150845533711686,0.07385587374105285
1.0547148986879142,0.05901178794985905,0.7811815956198548,0.05156944431641189,0.021493969519940113,0.07405517517155845
0.5907242298492232,0.04089655848250174,0.8259692455854031,0.058400315086816146,0.02151747803943392,0.07373207474565835
0.36871236062461943,0.04353856453743897,0.8614825065591782,0.08012767758014441,0.02154539330930466,0.07335069316063789
0.26165066472901183,0.02486286585093569,0.8398248052371997,0.07283373520932958,0.02156419404698616,0.07309522435842265
0.17118145639559973,0.019190857850077927,0.8457118764641234,0.08837525532122947,0.021580749235371885,0.07287118886262024
0.1149331352442299,0.012304008404127393,0.8523162411883194,0.09117679301614723,0.021589563891579715,0.07275225339805895
0.0763593251944356,0.00897873245809753,0.885863242051667,0.0950250069118743,0.021599487977842554,0.07261863871284564
0.04741000274121298,0.00447162146963032,0.9423632001915921,0.11187159628407475,0.021591931884524684,0.07272034361151412
3.0763798568248055,0.1301152549443016,0.5932262448156739,0.04116827847495283,0.02140777160896743,0.07525512424468549
2.9691383910963323,0.11893057889008465,0.6015679482926117,0.04648892713348011,0.021615586503105758,0.0724025450835568
2.0857351029117264,0.07455976128429516,0.7161079356700285,0.045098395069604266,0.021810954238325735,0.0698430605468383
2.1062601964092353,0.07984977289197323,0.6798125020461437,0.056537242824908046,0.021692062923577705,0.071386897220637
0.9204777281322309,0.06474994829112041,0.7885276017912691,0.05814522071365104,0.021867185062243832,0.06912742929398137
2.2374377131304044,0.12169442558376278,0.6977490015012645,0.054802720823811234,0.021620050382241355,0.07234276795570943
0.9106454599809349,0.05830335923285569,0.8086793096070245,0.0452658698267274,0.021676367613247042,0.07159387968852848
0.5502229474173707,0.03941146205642633,0.8236007400620154,0.04499372101162464,0.02173502304255952,0.07082417241947601
0.03057909050260896,0.003914555349051166,0.89796018381042,0.08753350141015148,0.02189752526911199,0.06874510562295881
1.2100143702467818,0.07816152650757674,0.7672212633880032,0.047336976118765174,0.021636648712085843,0.07212103526307843
0.7423056422275148,0.04579669309364623,0.822544087120419,0.054143783805228246,0.021523387407105393,0.07365113385591522
0.4622743901558997,0.03162929991683585,0.8575827593258639,0.0636023992053503,0.02151599322145826,0.07375242984468502
0.32368326189701757,0.03221329414906985,0.8507559736103601,0.07666904049338429,0.02150890683378706,0.0738496726576794
1.314933797433763,0.09346361992090944,0.7234731020149774,0.05605706204676056,0.021604100856062375,0.07255663684248538
0.6487898522699382,0.05543835142438838,0.8177399036585479,0.05619868435046143,0.021646613180387204,0.07198833058560107
0.40944155814912486,0.04029345420844509,0.8503087740272464,0.08240100024556227,0.021664169039256234,0.07175526712083097
0.01218062765633137,0.0014201279242662334,0.9143178781003556,0.11436359635170641,0.0217066767262921,0.07119484921660796
0.023572505804033857,0.0027723474349677204,0.8777713734716149,0.1006984170989556,0.021724060265628342,0.07096724282438904
0.01097903853902863,0.0014101647781139385,0.9158064274313965,0.13640429588782532,0.02174480079616272,0.07069687130156777
0.03804640593615245,0.004054978511971776,0.9216228225056888,0.08061986080615612,0.021722193355974962,0.07099164303290893
1.279324100494974,0.06925228403198534,0.7642532039847321,0.05372214673263266,0.021611925140649035,0.07245162156918279
0.5190898376076177,0.04711679882186584,0.8352291579851782,0.06198067854138503,0.021851233445305176,0.06932950526908487
0.5444461798288007,0.0376021802082253,0.8366458507710403,0.06275067070292385,0.021818638951929335,0.06974471519595912
0.34247578898555003,0.03549802072917747,0.8478023509357068,0.07019425510460726,0.022083256103838482,0.06646140100652907
0.5084907091625939,0.04609182877537842,0.8458822385419297,0.057886629372567645,0.021899572718246284,0.06871940057910181
0.551958316112707,0.04080180903033336,0.8289973235157457,0.05855703373093733,0.02182176786747952,0.06970472239714394
2.88292394208591,0.21565171958564375,0.6592659625378884,0.08223213291674308,0.016482320045977106,0.21416502933302542
3.0146783465417757,0.20590874282773106,0.6517788533369284,0.06361335609738737,0.016466139743535026,0.21500806018296878
3.0082419448353903,0.22314635313306522,0.620199899424499,0.06851301427708777,0.016467008344097627,0.21496269885390187
3.69799382652272,0.2546535005828693,0.554741420141843,0.03561396643280563,0.016704125969551953,0.2030144273836013
3.598053817448764,0.34726067597784605,0.5596432153989939,0.06144430964251726,0.016574464271785428,0.20944207360555508
3.526256800474348,0.2903203992460777,0.57295060855971,0.0528832750708066,0.01659454673440627,0.2084300583739023
4.045172762432512,0.2876152430405078,0.5902085678797846,0.06883600985961554,0.016433300464393855,0.2167318532705076
4.765497251963537,0.2445145419698826,0.5803722888739128,0.02927527009007899,0.01694894051410466,0.1915365702707347
4.4042710616562255,0.28050792514746953,0.5797707799103174,0.03426191251924631,0.016584069506167066,0.20895727266389544
4.3221677535158065,0.39012690737739525,0.5529584227077207,0.04532856714180575,0.016609511995794763,0.20767988649676877
4.740234352385974,0.3571290696127507,0.5777203773536814,0.050050166312262105,0.01639589353216617,0.21871651140470189
4.749228576397422,0.5393883514443861,0.5561936435249398,0.06320272870554787,0.01640993233602808,0.2179690177242811
4.752887129962526,0.34969851560985893,0.5508784303414406,0.06472522206007132,0.016381355774763805,0.2194939520108403
5.331207011122446,0.35585408666567,0.5437554224647951,0.049107605429421,0.016500831085086175,0.21320562283291164
5.911631572780472,0.5296863823301762,0.47419435122048204,0.058668309607095875,0.016552820648677934,0.2105396470039217
5.852028909360522,0.48961456463359154,0.5049283043793016,0.041810120359290645,0.01648204021306642,0.21417957412214636
5.869357890414624,0.25868266928005745,0.524025145917018,0.05308169221046938,0.01651146856370473,0.21265672447559375
2.3769921956309616,0.20094081382517204,0.591225543278222,0.05624436408440585,0.015426009460119187,0.2791306679536592
3.996478868572424,0.29129449346523983,0.5336165741435887,0.049222840200880705,0.014702515482424822,0.33826366237484656
4.07415931954559,0.2599639147582,0.5342766505197283,0.049130137475723264,0.01523355297662618,0.2935060781582925
1.6280494843460735,0.07854853004593727,0.7573505763113392,0.08972172448129591,0.013930751620491665,0.4196852753550364
1.640033595094501,0.0895929996614926,0.7718433355282318,0.07461109212786447,0.013945963744111724,0.4178571145783763
1.700919687446495,0.13256092963919533,0.762908135292115,0.07527665693636754,0.013940323883065623,0.41853373776835506
2.7762977947222027,0.24922960910345948,0.5937355355499134,0.06457023150217482,0.014254453598875741,0.3828420471622066
2.734757573595355,0.2185918435551649,0.6119741963307587,0.05587844566488714,0.014255894472014027,0.38268729203335455
3.5697351333806604,0.2507868587865128,0.5512338731877243,0.037222403260438026,0.014141330576496847,0.3952399442644856
3.737238978919594,0.31777316532235284,0.5878909314896066,0.05110610178251439,0.014143844598888108,0.3949590087184884
3.920328584951542,0.3005797002499419,0.5226977755156823,0.034595390615071664,0.014675755980778067,0.3407375531610084
2.1666770221840537,0.19781028396039865,0.7109085908223599,0.05440730765324492,0.015193388326471026,0.2966220117036983
2.099382897747006,0.1963039320736508,0.6977558862048409,0.11070236355256274,0.015187049775315327,0.2971175210271183
1.8747543540021931,0.17421434938073582,0.670792657906127,0.040637145517276554,0.016122625842972936,0.23392617871116783
2.2018097469222893,0.3209604317452363,0.6415390377426632,0.08540272435051072,0.01516661626453945,0.2987219485938164
3.817737064557528,0.39252149801018604,0.5381094195079885,0.06813913249214837,0.015616142126643133,0.26578282694959393
3.899717474591528,0.29588086671804587,0.5347950961059935,0.055155005225941967,0.015407675155857085,0.2804616431757276
3.738975258189588,0.3253685552688053,0.5651059027866052,0.05676143745935648,0.01530748510395576,0.28787672035910755
3.7828476454657447,0.33333888219873403,0.5294289733858352,0.052410296383502274,0.015430823586653722,0.278782496870801
5.175824932727862,0.4049101683184878,0.5335327665736554,0.04601112530858125,0.015153295518704011,0.2997737195939948
5.165593336187677,0.37850259360793936,0.5429566236761257,0.04771353280653258,0.01511206834663538,0.30305837621648035
5.093510811158172,0.3630488533600458,0.5273806774309088,0.04301033385934212,0.015130750803857848,0.3015643598296424
0.0008236331300277298,0.0002828379719538691,0.7720645880156476,0.5272368742608337,0.028959398272174402,0.01609717830742542
0.0025121148774435755,0.0008078432438275425,0.8334050727095187,0.20497232348900019,0.02894942596175807,0.016119369976943652
0.00177005871065292,0.0009373209087455968,0.6822214764624199,0.3412398574492083,0.027900162347791593,0.01868447794844152
0.004226246699957928,0.0015766955930286313,0.7962804977317163,0.1812878391368481,0.02789381429261208,0.018701492558451185
0.003840043791544943,0.0010094989938082774,0.8599788378906199,0.1966185859062781,0.022632801607177042,0.043147399257908635
0.009251269110014056,0.001373169691335914,0.8447601046692529,0.09235444512669336,0.02266020034487176,0.04293909714351728
0.0009173538153238105,0.0003453170737399901,0.6419831111475823,0.5004800771998081,0.028777635770623602,0.01650773328242968
0.005503449295773277,0.0005540633980398371,0.7738552813593645,0.0776297379804688,0.02878042479144889,0.016501335361589976
0.0042557636619600745,0.0003024514528839059,0.8175092705226925,0.059557427673653164,0.039422943157069686,0.004687180889279219
2.800177755507125,0.013776285572052464,0.429002293856691,0.00474857289572433,0.08143088134735928,0.013971952073121612
3.344110127678625,0.019844885628416763,0.4217805917155647,0.009004611129577672,0.07754125400803594,0.016993480896829387
0.49425822781362105,0.02260562415475437,0.5635308012833739,0.021756632954514042,0.0771305011812179,0.01735837294898551
3.018896563141383,0.020548094627199018,0.4139980270544004,0.00530061088563122,0.07967620656189987,0.01524400326167144
2.3486905227303345,0.01794608135914099,0.4450322231725454,0.0072693753242113615,0.08193163764317087,0.013633491323128615
2.5275627390600826,0.02625352715643311,0.43531440611217265,0.008968058844554238,0.0800330415881671,0.01497394865533393
0.3946202270542171,0.014664943808737731,0.5870143113686137,0.027418998467676512,0.07978252899531875,0.015162905682317285
2.4094761987523134,0.013291381977413076,0.44110395713625405,0.009037882921590235,0.08036876930290843,0.014725306953294433
2.146760210800678,0.021840380213378235,0.4488772959436598,0.007672205116547721,0.08147037005413084,0.013944882928397817
2.1982616014155854,0.015382577014467496,0.455141473484727,0.006918453179586344,0.07966934301542174,0.015249257049004086
1.901533475070197,0.019623895125011444,0.46614550717355696,0.009518789679366299,0.08052170992096849,0.014613749992285187
2.090330058471778,0.016404422299987186,0.4590173351505967,0.011568868733838219,0.07828453899277267,0.01635722526976522
2.2037123771597433,0.033339360818089775,0.45653171197046577,0.01161667125691428,0.07752517178369578,0.01700758614897113
1.9057590212399367,0.019791946247896187,0.46222398973059375,0.008388560961224539,0.07687305006897452,0.017592079432663516
1.9188932863601238,0.024540012420741768,0.4556437835399958,0.008194792977439557,0.07754087855164846,0.016993810031985364
0.32906306793810697,0.010026290389176013,0.5962693680579682,0.028305295099328033,0.07727553765698178,0.017228421434830964
0.09656888636576419,0.009937372401170829,0.6229515474710914,0.04653927451559621,0.07724164884372259,0.01725867636148218
0.030028306644008858,0.003449163766967742,0.6785457129305201,0.061815138637063186,0.07722909455939582,0.017269901310819007
1.607994014094606,0.018705747421239476,0.4767253285557822,0.009329391476744693,0.07718569220436165,0.01730877830097608
1.57675992624989,0.018142261222685946,0.4633129424664848,0.007965912646174527,0.07758045075382694,0.016959163771210747
1.66200889733577,0.028316045575484956,0.46040382530257423,0.01122103129353728,0.07734207451906087,0.017169211919563936
1.3311888348104055,0.021140483813940663,0.49571142187763656,0.009153008538721473,0.07759300680225147,0.016948189153308025
0.2644778908529276,0.013974516425111801,0.6039004419788917,0.02840175576116595,0.07742259699127306,0.017097896714584167
1.3327957808893223,0.014685524643462726,0.5047402321698585,0.011544592894248385,0.0770264762137262,0.01745233364901588
1.1004162743832857,0.027233591348529054,0.5072886581113009,0.012165292145924158,0.07652995035473192,0.017909683127669978
1.110813649767394,0.01576244054631927,0.516270864882696,0.014738134512685516,0.07664072581430723,0.017806361759934
0.22672035083872957,0.0061970965721627885,0.5978767723457172,0.025337578074425358,0.0765559682523801,0.0178853487839091
1.1438039846104024,0.01684483794452959,0.513431839729099,0.013168770098925614,0.07699572091172653,0.017480235120569874
0.24220163270013442,0.01351699065440979,0.6030234726164939,0.038863693911090395,0.07722256389808456,0.017275744068611036
0.18091040939856953,0.012162570168629946,0.6353701356233532,0.04002531282858842,0.07685821417604914,0.017605666518371633
0.7792031003554625,0.02170995595267242,0.5218473642778808,0.01597472712401198,0.07671663635127254,0.017735989249433825
0.7978916031561099,0.01194542223874045,0.5160920317401431,0.01468643123429807,0.07717110150335843,0.017321872261616092
0.5872537029074957,0.022751618399792024,0.5300021606910618,0.015397058331188337,0.07666852153428452,0.01778055343371469
0.4407499746186487,0.011577602847278176,0.5553641944112662,0.020961126146930437,0.07743291246997488,0.01708878752611361
0.11676657496551984,0.007063374376328129,0.621196283303525,0.04066718753153836,0.07751307982901313,0.017018201291053088
0.034521334901100605,0.003294532916621829,0.662606479704721,0.07541335063247105,0.07776031676808491,0.01680279558909346
0.6226061842108608,0.02648081066767525,0.5380867875143992,0.020722983908999133,0.07817007228885986,0.016453245357482896
0.6254437500867074,0.014499524397060783,0.5466133797813924,0.018869760809839736,0.07779873250907036,0.016769632380399323
0.14888124136415234,0.013405997538825536,0.6387450087800861,0.03713339493938875,0.07774995623662848,0.016811753571856086
0.04939198872917497,0.006605396809163985,0.683612349982957,0.07391728730654089,0.07775127266378078,0.016810615023968283
0.013912291327048,0.002423923343684606,0.7487705034380372,0.12071702863698872,0.07776538266106428,0.016798417659271817
0.2883872264096754,0.026646871628663246,0.5875837142917589,0.044891387015858895,0.07649619279968427,0.01794131803202648
0.08340379516852983,0.010475184952205719,0.6653792714367401,0.07980449363985284,0.07658684463149826,0.01785652394080855
0.029112009198819726,0.0061470325432273045,0.7112448904808605,0.10806705756409574,0.07655997638984395,0.017881603677885733
0.31423387086856486,0.031202192240379727,0.5733154716892664,0.04666946853365399,0.0764726187921586,0.017963451150263907
0.08690791193721605,0.015770591312297678,0.6355191809116824,0.09264377543007812,0.07666616455233291,0.01778274007635853
0.32478536348836384,0.030093625548394985,0.5870266973068692,0.04384113457740182,0.07650139465246127,0.01793643871829055
0.09399891476053258,0.014589064590369908,0.6385489663106465,0.08216345866987489,0.0767109270119882,0.01774126996181361
0.029907139066743596,0.005227193186771352,0.6976845826332944,0.09659088081497502,0.07691821418162073,0.017550797603543063
0.29101764142937314,0.0236396732147477,0.6135920685780463,0.052901173942018334,0.07664424009608412,0.017803096164564054
0.08065495062120848,0.009887845540172644,0.6562066135685178,0.08062598469281995,0.07676443631958738,0.01769185484316871
0.026193131047591234,0.003562459390707305,0.6919673949359644,0.10398049044529904,0.07687732565799461,0.01758816617338089
0.28613795805786135,0.028825610198066218,0.6127650135093106,0.07744841398551176,0.07663952313246217,0.017807479506560978
10.146251826124988,0.2261209841225302,0.4558470696496965,0.06940951941765623,0.04874917254718988,0.10877889287306487
9.922204787743215,0.10054348107868712,0.44250659206277565,0.05939663074292328,0.048701121182908945,0.10920883904482458
10.618541916383213,0.3465141308862017,0.44427059711663697,0.059751015665787534,0.04872390186278489,0.10900474148515205
10.463137793315537,0.13856923882178576,0.43015354754153806,0.06052565023120417,0.04859799661819656,0.11013875490056055
10.474447523352614,0.12072812629249258,0.4284843329096464,0.0627942223435464,0.04869931983008836,0.10922499816706302
9.43653763179141,0.10609413544164611,0.43793121488370385,0.07038485184044332,0.0487654956923586,0.1086333209014315
9.407631702551182,0.16830690998966794,0.43560857965265576,0.06061154844243734,0.048823001099129605,0.10812241621074216
1.5890965128774925,0.1410774341657063,0.579983030364698,0.050160230392501434,0.04851085742452061,0.11093225089318005
9.535826817500414,0.2859030946552833,0.43961128826401547,0.05696282650028383,0.04886496472183678,0.10775148648277624
8.526895018515285,0.2398933722132817,0.4600531846656213,0.05904707342510043,0.04934007566805129,0.10366075882800731
8.686963103164784,0.1638154649067606,0.45935111921269334,0.06331144313809645,0.04889642999261563,0.10747439807795597
8.499197873715563,0.23703365537940244,0.4600500431657096,0.06670263722719892,0.04917891574949509,0.10502624297492576
1.2903422976711212,0.05421884422982971,0.6126019173560205,0.05273621531717733,0.049644696810967726,0.101139820269761
7.357751617220684,0.05754702207452352,0.47978615715205924,0.07418739866506487,0.04925883771634919,0.10434628397879028
7.6845200871169395,0.11674800418086868,0.4705511265337084,0.07200820201712752,0.048819671806276214,0.10815191317364085
1.1742239789394764,0.02717178239921027,0.6456218362259298,0.05886846971192049,0.048869104318917056,0.10771498153163106
7.148915151387137,0.2504219768402792,0.47530031404340095,0.06860083178930833,0.04853873932680281,0.1106775810610049
1.2923368135967428,0.08545323919456833,0.6089586360632927,0.042864454299533394,0.04848558113251074,0.11116375471618427
6.733012054545977,0.15323645848806608,0.4709047608267003,0.0636386219328781,0.04926753849559132,0.10427259217011438
7.8301248187663,0.2078234626797976,0.4733751484777207,0.06442956573354158,0.04862307367498108,0.10991171702378877
1.3131359040956336,0.09187431158387195,0.595935503851575,0.04884035423710407,0.04832717117229788,0.1126284559995212
6.964635575215323,0.17028433977328844,0.47414120129950693,0.06088838881779871,0.048630428342655144,0.10984524170636463
6.942597506540244,0.18293535354897308,0.47351493544682555,0.06984528848343707,0.04862993615597573,0.10984968877661208
6.260347166443131,0.34504073436761085,0.4857386200738415,0.0779389087502589,0.04865013678497239,0.1096673541523656
1.13067894334806,0.02721240990378874,0.6132392895370699,0.0369192338364786,0.048581564096478756,0.11028784651490671
0.41464412019669,0.039455972412223296,0.6992223276408233,0.12799933878759748,0.048523303525519146,0.11081847934176146
5.837534024339345,0.14917036964153732,0.4849007283271265,0.0805379640532591,0.04920384599088302,0.10481354900721065
6.084777109635567,0.15759073519727285,0.49788728951867417,0.07367572489330342,0.04867082084125806,0.10948104785334041
1.129861468149902,0.06754386159473087,0.6131454108946729,0.05561326392972001,0.04857028064204482,0.11039036695206274
5.196233161879862,0.2601562778409761,0.4875941897142529,0.07581590812985735,0.04897430089056365,0.1067924740433144
5.090423242776903,0.22596524344951127,0.4855965248963957,0.07822359253537592,0.04912194318763193,0.10551433702425396
4.47122591809642,0.17699124399765864,0.5032144750353145,0.06390236818792344,0.04871114558191533,0.10911896925649478
0.9999977899073756,0.05082168016897819,0.6152456864020932,0.05537835201232096,0.04865831631225067,0.1095936318355264
4.270555754057577,0.11495708415856808,0.5363195133518538,0.0735534326399392,0.04911295944518439,0.10559156093902657
4.660855506203995,0.19612185247989203,0.4704633232030698,0.03763393342417409,0.04877684810601831,0.10853222212467077
1.0445920335747223,0.09776373677641031,0.6191489994575048,0.06511620636514466,0.04882247146889666,0.1081271079709575
0.38230873169965907,0.03491566920061873,0.70384308604906,0.08063626274603604,0.04881986133058754,0.10815023375080392
3.6535057922639558,0.07600463664057394,0.5219751118042519,0.07160682489547067,0.04923442754864044,0.10455337526108548
3.678608135718112,0.09396132310522735,0.5033912029120462,0.05987241198067848,0.04895516347260144,0.10695956006844792
0.9065394996981742,0.08039403879867442,0.6654598121059034,0.09458785390415882,0.04912801716042879,0.10546216537930475
3.773110156991851,0.09572999793820533,0.4974788658029669,0.03892530393788747,0.04877732091900231,0.10852801404626736
0.8671203706215178,0.04246119985825311,0.6732095714649302,0.07943565035716092,0.04873036344268536,0.10894693746179455
0.37810346413968704,0.07074221333459899,0.6719340408904477,0.10306774024222429,0.048637555452480344,0.10978087111602355
3.092619102623584,0.25615571928070074,0.5303907865935746,0.07078984011877337,0.048820411191037416,0.10814536148282627
0.7989702680404529,0.0625929158150928,0.6235946532089037,0.042396996903574444,0.04872003026391025,0.10903939441452734
3.0411033595116357,0.2018069727610178,0.5168148405154405,0.06736686678258494,0.04894387038159962,0.10705831173315035
2.8627686117225064,0.20617689858908067,0.5387877300704841,0.06757994386685759,0.04878358250140985,0.10847230462570212
0.7471127512278186,0.07912796836502897,0.6895777962661088,0.10611309641867521,0.04906735543055958,0.10598466274574563
0.2946525236805924,0.05245331673796444,0.6746141049603016,0.10896418063430009,0.04928740124203313,0.10410460697763751
1.8600801149517276,0.0925706031809398,0.5425017138425025,0.028242628832945815,0.04877051741370576,0.1085885855125094
0.5876102623788777,0.05359076304863989,0.6862941586680229,0.10118896437821243,0.04914113606847534,0.10534959211600116
0.21880455368964524,0.020092218254617027,0.6906155843549626,0.0990639932042728,0.04941071215860465,0.10306926396438565
0.09823915156703393,0.02014727979071704,0.7308628466143824,0.10967198891358133,0.0495812426734724,0.10165857053721768
2.044161281796516,0.1415744350187215,0.5314608185925022,0.031227162765588387,0.048630843755892404,0.10984148848480813
0.5975045080810878,0.07157758598325228,0.6483744916184481,0.05137321794381816,0.048791560616094756,0.10840137496165994
0.22732061571472537,0.01721511787616635,0.7366877551687783,0.07608068261737688,0.048904432182776195,0.10740407156836429
0.1209127995596478,0.024285703848285507,0.7356576256680258,0.12876282490540067,0.048937003146204736,0.10711841753019725
2.233218448537476,0.1339447014882964,0.5429003559815201,0.06275061940076859,0.049017348504804464,0.1064178222933209
1.298134061142929,0.10008223900894667,0.59979189879527,0.085652107852388,0.04912761381695547,0.10546562884896207
1.4386248565117705,0.11786988417798758,0.5683124765298675,0.04975027440447104,0.04881889484122253,0.10815879839817237
0.5405140369398743,0.11197857043289858,0.6345792685236237,0.11638541861547029,0.04880389665774752,0.10829181510796602
1.2146869198958579,0.08285285251306705,0.6035070611570387,0.0632828865200566,0.04893696071690471,0.10711878902571473
0.4174835410150447,0.039887331481423545,0.6404149708505615,0.08007319343733645,0.049008349255012386,0.10649600851226758
1.0973471860907797,0.10646807358815363,0.5911839800632823,0.08321535470960861,0.04932285731234113,0.1038055843929312
0.3608372862263218,0.05961363537333849,0.6966563972685788,0.10525848362869075,0.04995818166417803,0.09862502738764008
0.3806050442404595,0.0611133004525058,0.6437408732458723,0.08756512339743741,0.048884694103935755,0.10757764199723951
0.11734247577765292,0.014041786010977933,0.7662210896353091,0.07636615961653752,0.07494774436797139,0.019470601179992306
0.06080111736698556,0.013296344547967675,0.7333720434240164,0.10054840967530806,0.07658368666842318,0.017859469410462434
0.02783647316844458,0.004908059834821849,0.712408309540261,0.0943199510601827,0.07548179052355569,0.018925390699266586
0.013751340795439557,0.004180373446782376,0.6891996952200289,0.14038697827595387,0.07564528288545179,0.018762306364668708
0.008096458611261702,0.0028343975558738576,0.6726676857117848,0.23137295228200289,0.07575212240828685,0.0186566819151473
0.06872770353492817,0.006331638802265665,0.7447812366754198,0.05217652000138468,0.076512065212568,0.01792643497246715
0.03396957903635127,0.0046105021032328405,0.7411112096890727,0.0828523336195359,0.07588301360010795,0.018528290373820835
0.01668376716346636,0.002422643542526885,0.7009316175780375,0.12041399279278497,0.07593980939084968,0.01847292289601531
0.00834672139286909,0.003789159214045077,0.7500062394464113,0.20982756718403853,0.07730761704131695,0.01719984297063294
0.12519892591677753,0.007094027765702246,0.7286980451909432,0.03717273085575031,0.07543996752945045,0.0189673936313189
0.06246069943883914,0.007501124973090156,0.7154065447434449,0.05878021041565877,0.07579242372149998,0.018617032079386562
0.033529169825026545,0.006382828251556634,0.708118675531385,0.09918284269405833,0.07601329173725338,0.01840159502154153
0.014924342552120618,0.004988217688975341,0.687518233461638,0.15575920341382282,0.07614618556445214,0.01827346968334106
0.0068906808123648435,0.003309950165952731,0.6844961116694157,0.20484120505829415,0.07714596650779212,0.017344457914672613
0.10803122681458018,0.012674212582229616,0.7146891548110093,0.058117628463257846,0.0748992144781106,0.01952111305208811
0.051576343982991345,0.006003113054302176,0.729595620402596,0.07852287458144543,0.07496022517208659,0.019457637074058492
0.02319156477320124,0.0021843196978356162,0.7086099606082781,0.06511235747426045,0.07497773645338837,0.019439465876911057
0.004779257968506708,0.001991143374315169,0.7209171383828253,0.2519273593154581,0.07497430747214844,0.019443022409227812
0.1022350823986382,0.00787269368318677,0.7404933904864247,0.04276077555583175,0.07537980804586833,0.01902801651517495
0.047128758906333106,0.0046512010780263655,0.7638122510524212,0.08555706302220313,0.07558615863332893,0.018821079536786706
0.023105306148720486,0.0033245166833942995,0.7400779853877617,0.10855006734646193,0.07576057548172878,0.018648356745546688
0.009968630027992949,0.001465794175141949,0.7202144909646785,0.09763603783736027,0.0758719342014025,0.018539115313938988
0.004324328795945793,0.001843245521564385,0.6798812969073461,0.14543450305401526,0.07691556987185852,0.017553211270314447
0.08560698595785804,0.005183425014622905,0.703129257576997,0.026269758501129937,0.07495429927957858,0.01946379109278659
0.04342438757848523,0.006474274447707955,0.7449917004156277,0.07901987120483067,0.07406150890405003,0.020419420116116284
0.019993509148038217,0.00274457887590695,0.7201100093673273,0.06546087297706149,0.07407619217506792,0.020403234902669615
0.00950477348709309,0.0016166467725148982,0.7039527823490752,0.13793156477158003,0.07407438272563907,0.020405228572985712
0.09236096166708702,0.005508378087863955,0.7433802114146164,0.035005286883309235,0.07442981191782833,0.020018242329486576
0.049895948367768575,0.007091178740896297,0.7580008808520319,0.0830337248904631,0.07450702516657128,0.01993538987588654
0.024551527905701625,0.0051818236574351735,0.7450316745290089,0.11158162236813235,0.07545423372847973,0.018953052971178955
0.01034783110776341,0.0021066569185434862,0.7639618832141598,0.17119351718228717,0.07552627295077942,0.018880844405953338
0.003835545849025859,0.001359594339938916,0.7332855733349192,0.37699671500805276,0.07458509289434868,0.0198520558602474
0.06066688029291599,0.005258826611626783,0.7687806989968576,0.07620103453621835,0.07619578076790051,0.018225939912550344
0.030415395520720798,0.005496552655615165,0.7115002791215385,0.06968993154816241,0.07627323037789523,0.018152024419984324
0.015953037745841697,0.003752804811372798,0.6740424350945002,0.11955011871334363,0.07535432710111441,0.01905376674556053
0.006534666604991784,0.002344372228866455,0.650131695118568,0.18620959411350863,0.07698175974271326,0.017492919211682795
0.1180286464466752,0.00826108877081449,0.5031710387426144,0.03195197556210509,0.28997277489974654,0.015596071150195963
0.03384175922465133,0.0037603596839146094,0.5012953885031456,0.07215776121571031,0.29013629786021483,0.01556094062030668
0.007389447982947984,0.0015454000945755212,0.4678497919378861,0.1089791244133004,0.2901432180793758,0.015559456094593988
0.10810736110332778,0.00815958603239742,0.535346112641009,0.04289493057402717,0.2902247058992502,0.01554198863251534
0.03068298563802636,0.004439568629266943,0.5522894515189106,0.0738495044681488,0.29054377185885694,0.015473830132721288
0.008712238931621976,0.0016107522563900516,0.43575730752809805,0.09654794596950977,0.2907717386070019,0.015425360876
0.12288730075942504,0.009308319201324836,0.5057091047588268,0.03096259271669389,0.28931603157141084,0.015738165514194914
0.029594818600379064,0.002625892970450752,0.5488284376224779,0.08251990439092546,0.28953287280586654,0.015691071016036232
0.00873158189604639,0.0019007165237867872,0.5446688874222968,0.10519571405950452,0.28973672375132403,0.015646958340381267
0.12987626766109933,0.008483993070062805,0.5378793166602917,0.03682768372871297,0.28949129576191357,0.01570008723058033
0.03419316280452091,0.0032776872511440943,0.5076498987187408,0.05806809915744788,0.29069912470921255,0.015440779090044971
0.12486569010644812,0.007027608156044664,0.5110526856047749,0.03131829935724462,0.2891642618473394,0.015771232645939815
0.03615197734046154,0.0036737033232725523,0.5327007471659481,0.0606181726933045,0.28952478772389445,0.015692823804259397
0.009879453614971317,0.0018180087958555326,0.5189803770152313,0.09363791922420828,0.28991255890404755,0.015609032652655374
0.2898464464819964,0.02323340845147053,0.4744015604344452,0.049909111938041296,0.28927948271416226,0.015746120741171613
0.061300040133850084,0.01012452698868298,0.5071038146978857,0.09405663184211044,0.28911662165899416,0.015781630252522907
0.013935518511326073,0.002977127011448067,0.5580091247861089,0.10922993934228777,0.289115613051932,0.015781850476492845
0.36286791526180356,0.016521190237621015,0.48398531233298725,0.030752124101605546,0.29541833157173075,0.014477525609984691
0.08001026381933338,0.00644504828373878,0.5318712972603656,0.05983773775423276,0.2956934685678769,0.014423716551613147
0.02291319942046135,0.004951376180944615,0.5647179752686996,0.1163799477466044,0.2959070990604333,0.014382108757612718
0.11758843624004157,0.011612498740309944,0.5327102784356195,0.0522545150766564,0.2806866546659616,0.017764666067946255
0.03388833078402805,0.005563852097610642,0.558954318643006,0.08847955363658543,0.2806692677231369,0.017769068430030344
0.07764430609513413,0.0016040280563088512,0.5572078615721906,0.05351879649598753,0.28321108505675086,0.017139695988421362
0.024346782896142453,0.004146948947923053,0.5148291169618356,0.08658125632933401,0.2827785309128724,0.017244808279899656
0.04550709329086462,0.007970666619158111,0.5253591996825145,0.07828421090730625,0.2888413338452125,0.015841880706646057
0.012069906864202406,0.0022698931536553335,0.5076493512003117,0.08987321598652767,0.28893018752399013,0.015822402503845465
0.1041555434431321,0.007967071995287506,0.5542198114333203,0.05209457083923317,0.29019062352144914,0.015549291435743469
0.45507700968205755,0.02298546243467151,0.47160135589337343,0.0208082356726095,0.29213857631876333,0.015138696143994221
0.43782059779456706,0.011219400942922212,0.4882297782060265,0.017395095618125835,0.28975999223211857,0.0156419329799896
0.1007977343484946,0.009776036985394839,0.5413261072108311,0.05790560228402227,0.2903871061566947,0.015507250087522458
0.801541355582808,0.013190158910582032,0.4359182206993654,0.015880596220991854,0.2951435428811509,0.014531517231272783
0.8241236489652127,0.016966375847947034,0.4365362928678614,0.015641326813490133,0.2922661754386279,0.015112276122565068
0.14703693090047554,0.006383543611172561,0.5316659641301955,0.03148162739392987,0.2916822108241094,0.015233662643988607
0.8386388521517578,0.018028976078198197,0.43309378252918357,0.013220264083834535,0.2920761049355792,0.015151652202175214
0.15052818350543953,0.0073003197039194,0.5071432033074703,0.03197301411837359,0.2904515032079091,0.0154935019870061
1.0196049271752456,0.010300704530164715,0.4172558548067415,0.010816634919649494,0.29666980681358796,0.014234778406360516
1.0940003244563619,0.020476796110248656,0.41893771944322217,0.016995604554381528,0.29184642157559604,0.015199405986723513
0.18044411717896225,0.008615014176528017,0.5240218181327557,0.03088722555873961,0.29049350534353585,0.015484543176783027
0.04673419579822198,0.0043774586186428755,0.5180246447213868,0.045044244951572124,0.28971081669307286,0.015652555936539008
0.013663990121565281,0.0024812269536668404,0.551713055163136,0.0934394466420063,0.2892495792105386,0.01575263327894639
1.1095266493822875,0.01755763426396564,0.41211093133932614,0.014251125638358042,0.2902315631672502,0.015540519849408102
0.1714416953228509,0.008378705865176604,0.5236332088678428,0.029576707501344876,0.2906482101685937,0.01545160133831857
0.0455167720088099,0.0041957150972426974,0.5692892695700198,0.05947981810974531,0.2908667603369919,0.015405213831678248
0.015289635801899282,0.0027363347966901834,0.5490207058732702,0.09249487358995133,0.2908200804161373,0.01541510705939314
1.3055533579124146,0.016126567107494764,0.3939184845431008,0.010899480490552635,0.2937010726214101,0.014819105014696247
0.1890390031629484,0.012681964698679254,0.5029911473191745,0.028749551318873547,0.2973665400357116,0.014101837544784614
0.04802184519258526,0.0039033816515730967,0.5422769259286178,0.05481077181558771,0.29642428547824634,0.014281998375042335
1.3029005900301776,0.01928388443450153,0.3945041704242204,0.00996831351522958,0.2930108391135884,0.014959234198279268
1.3726731451167806,0.013570265449599281,0.3954134448902901,0.010366480738751117,0.28938284115698715,0.015723636715695773
0.19909218621484842,0.007203456346231699,0.5077130338059528,0.03078360589945067,0.29210214758296427,0.015146249484365095
1.52971369412246,0.01851253037705538,0.3837955500749469,0.010464490019735378,0.295876004254045,0.01438815560675586
1.6096182762489115,0.018949205935773636,0.38289051828245063,0.010194008240029412,0.29003073248260275,0.01558360847538722
0.23653105674169234,0.018829096982297677,0.49285516767041865,0.03749522434417676,0.28880052971681125,0.01585083569220809
1.4978635736266275,0.010839706450622592,0.37363863206752423,0.008814312554026179,0.29588165830197727,0.014387055856401312
1.7985971660551638,0.012926773764367256,0.36974299578354836,0.007922690117662706,0.29337638439343205,0.014884816950466458
0.23832232648568039,0.008989202779953269,0.49093229052369464,0.020914355478150515,0.29050640765804775,0.015481792488584209
0.06041218193926402,0.006732243695946027,0.5464704900399868,0.05272778394484232,0.28936184298546697,0.015728201292116863
0.017118853950460856,0.001956369425346447,0.5138531931061564,0.0956191399646833,0.2896172211566919,0.015672799479874294
1.7452363372914936,0.009357404126891561,0.3752378247192969,0.007874827691102195,0.2966104408107481,0.014246178081073013
0.21562275728995475,0.010759102463289401,0.5227978206371734,0.029118120264103584,0.3031792323203779,0.013051075747274456
1.8838205843363405,0.029927956980007286,0.3687248054592796,0.008178143630218284,0.2908387385268922,0.0154111517527468
1.8052045210468752,0.01786046505513349,0.3671638000873595,0.0067915836157249046,0.30626357875834476,0.012533220889996704
1.968677893768198,0.011722158299740349,0.36247845307981325,0.007413505404417087,0.29833742820447356,0.013919163608562971
1.9939669748635918,0.03248278681539891,0.3639200371578037,0.010458855327203214,0.29684725815829166,0.014200771469708454
2.214002083873811,0.016653838587339265,0.35022507967573974,0.0038123062909235367,0.2977341169724424,0.014032326949202999
0.24673992464216896,0.011347660816035507,0.5081536097749716,0.02462471958508816,0.3014961944646596,0.01334494434724837
2.3086101107975043,0.02144356521279719,0.3373532915431292,0.006825692113100611,0.29358559889252905,0.014842433504588637
2.2434583522672757,0.03399642087368154,0.352066834342944,0.010344271468515296,0.29461604429902266,0.01463586953995962
2.347834781682429,0.008642073326022624,0.34953540319799203,0.008056035349391082,0.3002849555115828,0.013561564971201735
2.2773235020688216,0.013111300766842778,0.3473360739290492,0.005842532478158396,0.29453288009048695,0.014652406860033858
2.4087239550751747,0.02973765552232661,0.34776257299922503,0.003412884348545798,0.2926218072159675,0.015038944389744239
4.60464619105968,0.03929406292388056,0.3256419543324831,0.0027130368556112423,0.24540116202342457,0.030404484649898273
4.746523645653897,0.08396204528330044,0.3267270216384727,0.006305496080177385,0.24376886697412187,0.0312270638357115
4.698717222793399,0.0509541971083642,0.33014759620630496,0.005577854316740234,0.24243367298160245,0.03192069517174215
3.7381170984122765,0.029861944079703093,0.3548640950148832,0.009328124457310209,0.24349900095824237,0.03136572794674062
3.7514429087464944,0.04252790116057325,0.3398215906895628,0.0034492915782615118,0.2436191610629278,0.031303891732390315
3.868394993174191,0.04120693727654428,0.3500668358378741,0.004960209382351627,0.24148926562759296,0.03242296913106518
2.9597133433059017,0.007849727894579439,0.3659563555061727,0.004889434785125462,0.24228999994541145,0.0319964758319562
3.056321449660754,0.06296528148439884,0.359028790398875,0.005155877345700098,0.2411060163393494,0.03262961248559936
3.033668773870188,0.0643596361510071,0.3802518844140919,0.015340421130796571,0.24216006273910362,0.0320652052512989
0.4173271694996454,0.026662356080409552,0.5306594811081579,0.051107900509408,0.24111579447660778,0.0326243198016856
0.10798192129902945,0.012599471382192053,0.5803975073466097,0.07030309107981983,0.24093581852291773,0.032721908867343816
0.0343106880945891,0.005503676638975877,0.6173924846316482,0.10958459394637785,0.24090999893248546,0.032735939038307314
2.221117673511349,0.02006027520009094,0.3922049152104419,0.005224951707915487,0.2412553864383369,0.03254887872075497
2.2503384177715695,0.03922345208786413,0.39299349732207184,0.009052606669494636,0.24152180473117776,0.03240549988160044
2.2409392472630643,0.03607524854589324,0.3940941637267636,0.010136075394493944,0.24119721567710456,0.032580289997475316
0.3463604222182166,0.0247737669889521,0.5232422373761332,0.033283944003157755,0.24204145580198297,0.0321281027770035
1.4993293970456303,0.03953430242574455,0.4288703781149162,0.014017839293417588,0.24161658990660942,0.032354679629161394
1.4989093393605586,0.04773462228430409,0.4268984628516092,0.012435251649422222,0.24154021896073172,0.032395619057918906
1.4925122582726724,0.03747160704119338,0.41649777963307827,0.00711681258735122,0.24228398368248222,0.03199965402605153
0.2645767923091776,0.01307221244050187,0.5487328313329819,0.03322102335837766,0.2418388095027532,0.03223592383351927
0.0813197595844307,0.010903912281713266,0.5567062805290162,0.08152661874181787,0.24222123187546152,0.03203282727945643
0.8244179500545938,0.02864696604271217,0.4633940478979212,0.016966410467095905,0.24129578882968464,0.032527084353068926
0.8257407368353743,0.04340623034889955,0.44829253733559027,0.017343336327049808,0.2415093109683237,0.032412206008945954
0.8910673043001877,0.028888326793019756,0.4481523373336673,0.016808087334722503,0.24312261627328377,0.031560411977757
0.3819276034259028,0.012495939022123866,0.5139699700174553,0.03469010457329222,0.2414825272813489,0.03242658821422621
0.09636332216542368,0.006824352667818929,0.5702033480955229,0.06310434831580533,0.24142621678176357,0.03245685164357784
0.02676888515722638,0.0051193480674982675,0.520612419266959,0.07388040562481317,0.24154498841755476,0.032393060446687216
0.4173716250075862,0.018364277430468007,0.5199502030372343,0.031731053727822894,0.2414016112819379,0.03247008666986053
0.10993322576394719,0.014338581530308451,0.5364204546178709,0.06971056985823859,0.24133687728783018,0.03250493860418654
0.027294167817193654,0.0038134843584522143,0.6086443618288994,0.0984421599927846,0.24136259660517378,0.03249108606486366
0.4638410378316108,0.009064383301739597,0.5024382183216244,0.030427420197472233,0.24271977464992642,0.03177045723473388
0.1158399568925659,0.011369655940027533,0.5541664990190468,0.05743512585799097,0.24261626307631554,0.031824711062478854
0.029919428793916143,0.005336510138701706,0.587868667790329,0.10571753975623846,0.24264031170763042,0.03181209606106886
0.44706657476050954,0.029000223700144132,0.5057243662645214,0.05844250162423087,0.24124525141298975,0.03255434874758895
0.11008667176276166,0.018298486690665697,0.5599899083072025,0.0838522735186866,0.24110063598177164,0.03263252520889072
0.6330554441185277,0.03107319946366163,0.4634207005334778,0.03045939560237371,0.24379176659482835,0.031215332723041837
0.13924188307678942,0.023694308028535588,0.5436978953424819,0.08643908471042157,0.24393492380962264,0.031142120281533063
0.6492874053503507,0.05239700585178527,0.4664696373276727,0.04057677195135118,0.24251363967754883,0.0318786137405386
0.130020117970102,0.02821439584828904,0.547567874880536,0.11547023706124403,0.24289465590926063,0.03167905859960479
0.7116200135639038,0.07185000005177146,0.44919994429182436,0.04501279381296562,0.2416478969048753,0.03233791588186977
0.11892569466649353,0.023939147513094967,0.5493423970461354,0.09895254264489033,0.241436718066717,0.032451205171673825
7.7344573407444015,0.046201379611517525,0.34239525876900273,0.03303499515071612,0.20061473009950256,0.06807581269403419
8.172344213381578,0.264189901763551,0.32361624797918365,0.0244376157970286,0.20004411432351124,0.06885587372782012
7.432086536061755,0.06987728161729302,0.32418420530489434,0.02329657535580314,0.20488116114034385,0.06258006342180435
7.312718205022928,0.021639917160237356,0.3413026305827312,0.02521960028310438,0.20017456624109226,0.06867655816050819
7.186341976388538,0.04373470657551208,0.3404011031749861,0.029682729248399344,0.20154658476219928,0.066825517803635
7.5743370522025275,0.29677057305725374,0.3300807183067868,0.03195003984933004,0.2010882282358477,0.06743688720174769
6.7949612030306135,0.1715126207269614,0.3484349938365903,0.04349981552268007,0.201034222466425,0.06750938130289853
6.837897802584441,0.14124107318635992,0.33589223472365837,0.02441905900489439,0.20017347431131816,0.06867805667258615
6.641129915824497,0.06540912974723363,0.3447232894998005,0.030052796985381592,0.20163990674273183,0.06670189224290295
6.409472241526099,0.18800680708351492,0.33557469293284603,0.02029878277937955,0.1997902062292414,0.06920656999867068
5.818655377713131,0.05160692936856489,0.3596352297115595,0.04532013554321199,0.20462174156202864,0.06289802363061733
5.832857470369175,0.0727755739214137,0.35317808544823864,0.03711959727707342,0.20536058597825332,0.06199772116373578
5.256950464889937,0.02938487393622243,0.34087573084026634,0.012268593718484915,0.20388126896828124,0.06381676631128147
5.241351318088806,0.100974304493869,0.34817206453884464,0.016113825294378024,0.20491530591025994,0.06253836330881475
5.480726982234464,0.04208877581251009,0.3482959390499267,0.017677723553908335,0.2020931372277802,0.06610553781944564
4.98389699857123,0.06611269081824461,0.35937062726732455,0.031786253995462865,0.20200879082274525,0.06621601335984485
5.220302091038301,0.27535553241368105,0.3720882306341245,0.0535006950164861,0.2010501093350466,0.06748804561583648
0.6172116704591385,0.05530017978872473,0.5055446052265813,0.029339723843727843,0.20237532647327477,0.06573760183536916
0.15426531008098474,0.02526209745545149,0.5269455323054365,0.0601908934825509,0.20352910024496426,0.06425960554427086
4.033990380179443,0.0911210068136836,0.39693757195797935,0.039830289911039894,0.20819781070968524,0.058686670674145
4.5056039306971565,0.10407222936362301,0.38177693203912,0.03137129601874405,0.20045914056524763,0.06828741136558193
4.492189882247765,0.17071283422825462,0.3821896249089893,0.053781184384651994,0.2022362758017548,0.0659185839934252
3.842866563674683,0.02345723681203163,0.3813728718621508,0.02529365200104411,0.19991983189314289,0.06902725359402397
0.5616234298860879,0.05866729164202032,0.5205876358524023,0.04049059632609822,0.1998905310392918,0.06906773579626954
3.749689280832086,0.07887479938349654,0.3864796132530601,0.03208158289826432,0.20218222718567713,0.06598909933379155
3.7479908820634606,0.1407407324744389,0.3870658840997322,0.027155382976063482,0.20342545742215049,0.0643906636437956
3.2632208359847836,0.11344264944700215,0.3964642373618358,0.024408094713895673,0.2006822835737335,0.06798419651240001
0.49459372109988087,0.06263046169474573,0.5208156680790649,0.05957761701458562,0.20174097172127384,0.06656833164239918
3.1140785644802778,0.02624120623292392,0.41872456180826695,0.03704556069279046,0.2013873555669753,0.06703711400198596
0.4291987655410367,0.0072536943209454835,0.5460750989469245,0.06528972269779414,0.20403735651132102,0.06362171226662405
3.2082861087446632,0.12779258881449976,0.40335478673156383,0.03431639337840747,0.20347509063640695,0.06432785995757904
2.547051445857255,0.03187581806802773,0.4320215653788105,0.04304391162956833,0.20164871460864642,0.06669023905021182
2.6049823659563884,0.04678928591390855,0.4176297043532318,0.027449507495067894,0.2015210993310604,0.06685932865987786
2.537879556026022,0.01223425419352699,0.39151154074185945,0.004383974818408495,0.20161738010206198,0.06673170755741448
2.662663238498495,0.1313024766900256,0.4028480716034744,0.02837023724943664,0.20150800752812906,0.06687670552686197
2.081162340227036,0.07348222562235748,0.4075926569574839,0.01733769903486895,0.20076501938989597,0.06787219987059381
2.0304993186274243,0.05393478146393242,0.42946198807207403,0.02846478371245976,0.20084847809300596,0.06775945824299805
2.1838860609052073,0.17466880728000564,0.4042040119677837,0.023542145568422275,0.20101832319767227,0.06753074208492081
1.4832803244013082,0.048189871693918473,0.47098435742841493,0.049457930870831876,0.1987388002318756,0.07068275217445287
0.35688517803927616,0.07617668182948929,0.5065820554885097,0.09595098543747897,0.19982517517047926,0.06915813875793411
0.08029262314897749,0.011279057009127295,0.5880601363066225,0.059273178554372426,0.20088530457005974,0.06770978500182658
1.4712206113364326,0.031586916055673875,0.46460994074724576,0.045894625992354963,0.19822491135870665,0.07141857438250697
1.4505763442524149,0.03902274727378405,0.48294763320867573,0.06757626864368929,0.1994471620947194,0.06968393410000287
0.9038822438011972,0.11115831226155573,0.49621301703415244,0.06377517878681299,0.19756128063355985,0.07238303272136193
0.22531793851510729,0.039053030690072134,0.5326379217820638,0.0950799987753345,0.19787581419967518,0.07192390299260606
0.06814375014545468,0.011360339077594634,0.596416622057551,0.08522806020978842,0.19802956660819326,0.07170079285238826
0.8976166303827233,0.061043627640430136,0.49833589715220566,0.06324442692591095,0.19772420147185626,0.07214475866379493
0.21812886736469111,0.04485132426722135,0.5437511791672643,0.09843171931862778,0.19840338769895743,0.07116193891296475
0.04833086937974632,0.010537870278106947,0.5986717683163431,0.10429691234406328,0.19896979041154392,0.07035509214580309
0.8525636469013612,0.037201829520349956,0.5170727720074886,0.07570612349806535,0.19749504152843558,0.07248018959064098
0.13973335870972914,0.016983673609975145,0.5897467717562929,0.07189230603894944,0.19853902506134422,0.07096767320760719
0.046279063219056255,0.007818473426318666,0.5888853754437119,0.09867603494383997,0.20002342424291425,0.06888436748329153
0.9004276168435721,0.06180810693666989,0.4805451550081401,0.034490797400608,0.19725660862884756,0.07283126570053705
0.18546066589612611,0.02069238016447325,0.5640587820388945,0.09426871118806278,0.19872765644767904,0.07069860783555534
0.8714228863917615,0.06397607149487959,0.5129264670591118,0.06699905058248512,0.19733608917626888,0.07271400032653406
0.18168649831913034,0.017678730367156826,0.5138781131106653,0.039325742388573275,0.1983177670307117,0.07128491084405378
0.0459646131956952,0.005653578196374912,0.5844266472321988,0.1255608194274165,0.19945623254333789,0.0696712592104495
0.8692088321057156,0.036378156817631464,0.48487984096155606,0.016063858271213677,0.19791103208489824,0.07187272177853886
0.9868233554139555,0.07823559633505947,0.4663112712904229,0.03107094482073536,0.19898805316117069,0.07032926746863709
0.17665550823351858,0.01296947681665539,0.5635040725543542,0.09649448079325816,0.19988460897221064,0.06907592135781887
0.05550016575972853,0.008496553899381129,0.4952383193218779,0.07212930401994158,0.2885930797591753,0.015896461213788522
0.012681757760936219,0.0042058296215516855,0.4717905870495047,0.12599607668856963,0.2958311307949177,0.014396887523900304
0.3097008525232532,0.016461765804205327,0.47927041531598613,0.04539226519944964,0.29203759117946787,0.015159646549508111
0.06544511312889637,0.011565423271137982,0.470646716888564,0.0497721664873776,0.29135564732965125,0.015302075640632429
0.013825127853282548,0.004967005197307133,0.4265634069575168,0.09912999813546208,0.2912465766962682,0.015325010775384137
0.05172742661338725,0.00233966098777537,0.49086256373759307,0.08268592569412707,0.2935521565501426,0.014849198238686965
0.015376659390798202,0.005997205867446124,0.464769272404769,0.12358531140158054,0.2953242323497813,0.014495986338919149
0.060032145615339566,0.008507959647133006,0.4879669856646618,0.03925890217364186,0.2954064179919124,0.01447986123413755
0.011730965091841159,0.0018645638626610876,0.4195086193245493,0.09453059513032618,0.296022726727331,0.014359651082030578
0.10802889216093035,0.004115871661057617,0.5150655163124622,0.014787242381861637,0.2985580011384272,0.013878075577960239
0.09850524308644153,0.009456808258768053,0.5588272835506185,0.036703293177520614,0.2966666537588703,0.014235383580554357
0.028112742494332904,0.006817117471184703,0.5214125722194564,0.0899295259624487,0.2970710543320793,0.01415802763713649
0.13362239240433682,0.006344290387462612,0.47806778008162726,0.014536756118794965,0.2916773801400607,0.015234671852714553
0.028369566956221528,0.0014583096523060827,0.5559826754902671,0.06669816710772906,0.29119585571174084,0.015335690910142816
0.008699149118352187,0.002796095988915714,0.39656848752811447,0.11475457060652278,0.2917549564469723,0.015218474996219708
0.13362978200144499,0.011344659150085225,0.4990313550749168,0.02174513578307112,0.292344926075911,0.015095999177367867
0.030514002896262,0.005548285107094144,0.4853968278138207,0.04941869313483175,0.2916425093384766,0.015241959411818634
0.007644799671133894,0.0032574597263730232,0.4621272838274109,0.15541375467619553,0.29505442983498353,0.014549080560718283
0.059633139642174156,0.007063098779666443,0.5138139446007131,0.05337580801826147,0.29472537934340926,0.014614163595035493
0.013628961059413702,0.0046381476667289945,0.4572749056178583,0.10702929291574335,0.29497083148683484,0.014565581124602905
4.9823547023702055,0.07097980346352996,0.10804355467729053,0.005738303654602413,0.7042763651005204,0.02427293968847638
4.814199830982238,0.05789903676892467,0.11581701774739799,0.009589240142436893,0.6912802417004205,0.026150395242356173
5.484678102790778,0.09798010674506814,0.10362476328567975,0.0025682305192621644,0.7007145079672906,0.024770250315160596
4.073580062466418,0.02747827592347747,0.12372744632699464,0.011510125865782359,0.6987959764416604,0.025043397696904265
0.07022380548237198,0.004210792139825487,0.28198650457831487,0.10523091424696812,0.6955562330894518,0.02551325359935668
3.8339308880637146,0.1838803663864354,0.1135725698394247,0.007024556834950889,0.7068236016017854,0.0239249292745754
3.7960994673781983,0.1380136085623915,0.1276833779613085,0.010606996675520805,0.7021385988134602,0.024569902899846948
3.4301063508394813,0.062073394346736456,0.12169049652469698,0.007790463266611908,0.7114769338873338,0.023305130220589016
2.866285558712437,0.03800120868185701,0.11659061952023898,0.001696638318329308,0.769547548285603,0.01702758267443909
3.2614595637405492,0.00708250348800882,0.1355138023285734,0.008387597378433823,0.7012481792811823,0.02469493267564572
3.062078614582643,0.02737490776133485,0.12204580470827998,0.011454404719172376,0.7084805550994798,0.023701896242601155
2.833836808387941,0.08795263378821913,0.13118302029024542,0.006411518754228582,0.7064065269035478,0.023981482111847773
2.65650354699004,0.07236018018033501,0.12682642461868165,0.004664177867754873,0.7255971889362379,0.02154331179516268
2.873724350174269,0.06936591558551126,0.13210127947703992,0.009810852476274464,0.7108108916271746,0.023392602330443026
0.05103617521591193,0.0123880273363779,0.2718424827687342,0.06112143934689065,0.7074244647611735,0.02384374857235408
2.3552882756425233,0.02589542969525103,0.1424592338229869,0.01169276333234177,0.7169358737122951,0.022603390358660776
0.03809908896705112,0.004308506137394836,0.25560397965603937,0.06031302923341451,0.7138038759002641,0.02300272174232339
2.3995209371082775,0.03369394794147371,0.15206083449273436,0.01518832114739526,0.7116223386723259,0.023286088440696396
2.4709473473922947,0.08687883316137252,0.1604318348122161,0.019534964710728266,0.7103877397716585,0.023448388602689538
1.7071254424896352,0.010751759707930998,0.13618986357950763,0.019536687946695646,0.7708984530512394,0.016908541059332958
1.7114833614031855,0.011768307831298598,0.11584439030242191,0.0058468703737090495,0.7733783290611264,0.016692709643350175
2.640796862414008,0.02844616667011113,0.1158395152711282,0.010229782588259177,0.7699869985814334,0.016988743718504003
1.1099919895110786,0.006477682235887959,0.16132296002966462,0.027190342774259715,0.7865110398114615,0.01560542286494577
1.2338528670944797,0.001468273134053779,0.12814716383514282,0.00779197098362229,0.7744273861704565,0.01660244395426985
1.5121381593150887,0.030096905215387486,0.13414339295660405,0.01550232598582238,0.7704732177517474,0.016945900246041437
0.9755141924185371,0.007347531456207302,0.12773007187582985,0.011948810010084746,0.7761795151280373,0.01645303897213974
0.9880134062154553,0.033551220530869424,0.15331469792026878,0.018474275507135457,0.7726623744852271,0.016754666035408913
0.9985463546727418,0.012108356695304547,0.14821805907084315,0.008421607580017849,0.7714401168948677,0.016861101972433297
1.0383073865046364,0.032210587679599424,0.17264387913925258,0.017383643384963517,0.6998790446800276,0.024888737759369787
1.1033733515386779,0.0322638982769785,0.15930991813814593,0.006817737501474238,0.6997077149669347,0.024913123637348312
1.0446646334642662,0.031165652678704324,0.1747552643684102,0.019036326916739166,0.7053476596824734,0.024125810614831704
0.4470159101638866,0.022753992684876614,0.21398422403716705,0.03161658438199065,0.7205573549410372,0.02215239114430494
0.5388203461431569,0.02264318956512393,0.19795800044451833,0.017832911554994696,0.7027203252958354,0.024488645964776838
0.5582993382344628,0.03174178668307289,0.21184328365870864,0.034908802422751475,0.7113600328117766,0.02332045335545862
0.2605181512376766,0.012587134969584201,0.18053134291324385,0.030349756042978588,0.706275416910441,0.02399929435622052
0.2229927184335135,0.0003114632534998905,0.21709490780057278,0.035993532004297335,0.7061284587265843,0.024019279353779812
0.21858244757845174,0.010231843856590352,0.2132315188023427,0.025065742665766118,0.7042737628650338,0.024273298436783795
0.24556092372773206,0.0053770189153568345,0.2340468937009291,0.03565014972371032,0.7076037506604201,0.023819592547210035
0.20690501781095172,0.007515896703982033,0.18412536734919357,0.01976482928929338,0.7114383343816785,0.02331018836645877
0.18520357996507458,0.0102355044538025,0.19015932333193628,0.031277796099942454,0.7092955695021869,0.02359314542988338
0.10945222342882367,0.0061316454215929635,0.2595962594784831,0.03693526404329924,0.7168085607824317,0.0226194530608467
0.22086909615767464,0.0023296700630741443,0.1878656454394407,0.015606108411661842,0.7127370398873344,0.023140754613683548
0.12913003496618736,0.01260320857433685,0.22032288429197966,0.03155891122825486,0.7112976786049271,0.023328631757476737
0.5465212763054168,0.03453323375893907,0.19265385671886434,0.010985030313333557,0.7156620517770467,0.022764749529352618
0.266297534133611,0.0072573113628608375,0.23052572052497872,0.035667613260885134,0.715547538225013,0.02277932576949533
0.2388873727219926,0.013757112420427233,0.2152360072996017,0.019171105028128736,0.7159346671871302,0.022730095653821187
0.3085978515993973,0.015336993835716113,0.2367685930645472,0.032267755115766066,0.7158281040514793,0.022743633715166068
0.20589858282227633,0.010988091909049034,0.23429712422507104,0.038025935112128664,0.719687028298888,0.022259742349113626
7.853556438416835,0.1337715416796718,0.11286205445554717,0.01329730140873321,0.6092953729384183,0.043329463626364376
7.675746117975468,0.0734435401016708,0.11942813507178873,0.0018574494416423515,0.6095464110179876,0.04325812777839337
7.952192558830961,0.1422344368380897,0.11204134625600326,0.008563125780689684,0.606835114343235,0.044036421552006044
6.844228266781914,0.061693061906542904,0.12353068641155092,0.008725013824772799,0.6033621860325968,0.045059096471148835
7.317940419000432,0.1690170386682101,0.11766177392321556,0.004402841509392147,0.5996517829087181,0.04618472011020567
6.463355756626184,0.04070844722032209,0.1360257206209622,0.000962181661431679,0.5955633756672943,0.04746602917030391
6.426741735821416,0.05398536250318793,0.13850130427949012,0.01540993301627713,0.5996498233712111,0.04618532380343723
6.671874026550227,0.2218925111257039,0.14006520418936094,0.00815682402052901,0.598508165424275,0.04653872851848767
5.7258313676537576,0.0423765161732279,0.15708313456460649,0.009512546935726441,0.5939607949543998,0.04798038338182096
5.742657987280041,0.09390535686286688,0.1504740847372599,0.006327684150287652,0.5924868890129449,0.04845960340854402
5.779633189554467,0.03566017983826783,0.1444961368943172,0.003842029419484202,0.5932395176618661,0.0482141528843646
4.751801008916952,0.01613808950813146,0.15661546488742373,0.007274370235951556,0.5906118887479103,0.04907791382331161
4.60457879525291,0.016875248742031897,0.16867983686173973,0.016267975247911366,0.5990003700410599,0.046385951593480995
3.5223325697718812,0.054870993847085,0.17757379572548343,0.007776547535107235,0.60050075229976,0.04592409534119561
3.5878973808886605,0.12715793726373842,0.1812116196508905,0.008550062109660698,0.5946352069660955,0.04776308350846727
3.496256258661625,0.043833136774198485,0.18505795749916498,0.013993901349020812,0.5954821949381612,0.047491918205673
2.021611128724409,0.0399452253573968,0.19267055811279243,0.01882939711233815,0.6037192495848906,0.0449525920440594
1.9323459962562402,0.01011823502808048,0.19887040060621491,0.004668890779742377,0.6051820345756698,0.044519545793123554
1.9537682310504934,0.013975690699492407,0.1896884946943722,0.005563557256620221,0.6097146095637855,0.043210414019458174
1.8049314277041044,0.0024648383703677287,0.20099437131937412,0.020771325715079402,0.5926801753161902,0.048396419269718965
1.8446389821216336,0.036022168848272834,0.20458938725178677,0.011778304583538417,0.5934750586619437,0.048137656656674924
1.5368527666203604,0.05280449450449751,0.1931801072932915,0.015838137269782178,0.6013838245941597,0.04565494903512264
9.93715003571655,0.036250142349056026,0.14251570883049539,0.026847618743848875,0.48798842914290996,0.10530687749286202
10.341349361299821,0.2624651647045436,0.13659153177083808,0.022373818788304987,0.4877657643516686,0.10549929931976788
10.119343719093095,0.2830921346901239,0.13799526392228176,0.019002184220475987,0.48987092825479533,0.10369747136525298
9.594855798513649,0.42781170688752096,0.14104366257537138,0.019298890309453986,0.4907128967707188,0.10298760168037158
9.339028651037266,0.10561870256136124,0.14494469484328953,0.025435203651308705,0.49206242505073444,0.10186242771514543
8.91899688801447,0.31023357671711094,0.14193894835140938,0.0042854334767224835,0.4927458646278663,0.10129846876280794
8.269779209293173,0.4409389783327562,0.1469248222427839,0.024125665418815324,0.4920390261866195,0.10188180532546656
7.618331117032044,0.02603226796679959,0.14600592936452686,0.0036185174550907888,0.4949645334161843,0.09949437084848553
7.953582434420614,0.37200327550438594,0.14871132460998446,0.011006713744161263,0.494455520783691,0.09990469813172549
6.933202506216411,0.09456269067634515,0.15655031823801718,0.0249461508183916,0.4937959266068109,0.10043956449600934
6.923553539671775,0.010664539843283414,0.15777235650138438,0.02413603305134402,0.49448148861923086,0.09988371369063874
7.082149336758457,0.10470375806177797,0.1568063943737036,0.017709874830541206,0.49486087012015084,0.09957776524337691
5.977799842423292,0.1514993345299299,0.16576657800803943,0.0032452478930829086,0.4937481411911952,0.10047845268806675
5.253793853102512,0.21450998884220404,0.1865237929309983,0.025860351630725472,0.49548318801477426,0.09907843548623071
5.533531431240271,0.2639814334069243,0.1692307814226222,0.025223407094670473,0.4965825535708998,0.09820396061895538
4.688991374128837,0.4681912925513991,0.181315267982931,0.027011696009310412,0.5020749978016775,0.09397675677563448
4.422539338987993,0.22901073623530774,0.19135324962947103,0.02726319313290347,0.502082498654933,0.09397114104461284
4.26300250388732,0.00883968181217091,0.18097668245390297,0.023765345073600095,0.50011116257572,0.09546158488751251
3.071096422605323,0.08802964677988369,0.22078074405710915,0.027632956782751374,0.5042737027630165,0.0923484370875861
3.221370011873061,0.16637338255166323,0.2258342813323505,0.02622514095886019,0.5058895542289604,0.09117420496483893
3.086408568275754,0.18256539299113836,0.19922661024749977,0.007805141261042373,0.5066427522169554,0.09063323804246379
2.773589657347415,0.08506931858365262,0.20760203447248907,0.0404194111450669,0.5034911658296372,0.09292389674641162
2.8527111253709316,0.1298617264251995,0.2088539629654327,0.017138001756992767,0.502147118806258,0.09392277866588106
2.6661488145977703,0.07583957038266706,0.20535189514728605,0.004059912851851166,0.5034191767660219,0.09297706070726931
2.0484487466940955,0.08451418594628915,0.2245199266215513,0.023401221416748916,0.5052128110925211,0.09166370643854108
2.078593520816229,0.009876694656479942,0.2172499295112766,0.03801586361171196,0.5050916525096726,0.09175168921447673
2.226180221981931,0.03327683656868489,0.21339280761335708,0.027218844022599338,0.5023012675382839,0.09380753775465182
1.6450801710568583,0.09682025455999548,0.2337992386363437,0.04033995346966123,0.5090454583020634,0.08893415132252214
1.5122733247996005,0.041067695909843625,0.2478574103828518,0.0391421761121517,0.5086083292322557,0.0892402874792313
1.9001953895142478,0.14786734818045139,0.24656067742651497,0.03731994361479709,0.5054072218205264,0.0915227497799952
1.222330263160303,0.037968689833190974,0.24595495081590277,0.008365741321015365,0.5137621034783845,0.08571297471627856
1.1761510732500258,0.0955183593043375,0.23859970354429522,0.041595618506119626,0.5130811436816662,0.08616891343358304
1.0810477527734095,0.021938409194979833,0.23989016056117485,0.03674146659468474,0.5120618300887203,0.08685707841389274
0.8970216650083319,0.06859697926850587,0.26603146765455443,0.04121808893635393,0.5163028547663432,0.08403819727359475
0.9786705833140136,0.0944567387599561,0.26674118096773297,0.028693499617052972,0.5160805123876653,0.08418311521504446
0.9273446799475662,0.10198768422841654,0.25274719044527355,0.04478081247390343,0.5154929524604077,0.08456758026346711
0.8184697789508695,0.01747423623588941,0.26609654606374766,0.048379425205883154,0.5151846494897784,0.08477019382695733
0.5727947464830752,0.04982094451502323,0.2504624919881944,0.019847075061478956,0.5186864989960386,0.08250401011505218
0.4443033780376375,0.05143168605959689,0.2562912937815812,0.0362377858455043,0.5181588500812794,0.08284058406134118
0.46944477073601154,0.044020473701588805,0.26079666793555933,0.043602109688655015,0.5175157321228353,0.0832531370029444
0.14100571451578314,0.02021348530988094,0.2563079816804817,0.07026191406934752,0.7045644440212682,0.02423326561809881
0.04168590970364693,0.009028225333471945,0.22251414896197633,0.0673939155326805,0.703078374162984,0.024438799821482005
0.041062605732669816,0.008822097062938258,0.21173672754789571,0.07951757073180676,0.7036909268992491,0.024353816385433234
0.7460911664595588,0.05593795666025754,0.25025852143054833,0.0613083159717901,0.7080716415517038,0.023756695361265307
0.6807672478577904,0.030438364600606407,0.21189618071689492,0.023316889992191014,0.6911848469543376,0.026164834950158224
0.031025346285748916,0.002778317041984348,0.24556828905316624,0.0715330680660327,0.6942947652091671,0.02569918021830231
0.6980825853695924,0.028582901041643214,0.23779121118754584,0.024134435218028966,0.6938671628626606,0.02576258827489344
0.031401929219039726,0.0032643978334594356,0.2535256899132637,0.08375525101108623,0.695990400881993,0.02544965115715371
0.6634972339582396,0.048904171176350666,0.2411691287522388,0.023320236182706764,0.6929703286774112,0.025896213975779053
0.030663314538605723,0.0028528904168201707,0.215736110920803,0.07295045042739835,0.685325855867929,0.027071128769584517
0.04005717149159232,0.0070506344002123356,0.2580356656960915,0.06624649491098317,0.6844132445714457,0.027215806717664902
0.848917229620801,0.02232133267172377,0.22903720539616326,0.020873255178368404,0.6864796765023566,0.02688958477362932
0.03620747640833453,0.0055720514153171094,0.25938645490182183,0.09107081865179945,0.6892515316284571,0.026459636510024864
0.9201330009441585,0.02090931788210942,0.2297000596596528,0.01897993079573983,0.6873311848641852,0.02675658226693776
0.05348126618893146,0.00784774689485641,0.2926104963382568,0.07832890851927649,0.6884861401920993,0.026577493787289297
0.3885616879575178,0.031963570862046646,0.23488555626691973,0.01656279504572663,0.6907425673320912,0.026231912284222884
1.0873132410486366,0.03777532018978312,0.20754883092955778,0.01228775977965168,0.6885610431619327,0.02656593107443969
1.0559259485554373,0.03559794558547091,0.2071898925483426,0.010175413674245393,0.6830151810122073,0.02743932392906157
0.04392607691437481,0.006648385810780032,0.22907470082110304,0.09039138094458231,0.6831935192807826,0.027410684513424734
1.0433703491508637,0.035243834742273016,0.21303457931858708,0.014409775896323253,0.6803852844579215,0.027866035440211483
0.04480181675325016,0.006974553423872984,0.27205821206669817,0.09159421056490773,0.6796942589626097,0.02797953074395491
0.9159412179304908,0.0075911151191616994,0.21175782172577198,0.006822219785048902,0.687243728199441,0.02677020473051114
0.04245297163274578,0.011227468448676862,0.2605544959669484,0.06257635136529785,0.6897632726321276,0.026381201370070783
0.0004283237611519603,0.000314813868219694,0.0,0.0,0.030618058239200777,0.01798503755828685
0.0008869491507522946,0.00044514114899563714,0.0,0.0,0.07551751319324713,0.018889606368124666
0.0028375655232689193,0.0010551589501620394,0.0,0.0,0.2961044470230708,0.014343805467516802
0.021209931713213847,0.005627817130543472,0.0,0.0,0.6910939399141783,0.0261786046386091
