# Gabbard et al. (2025), experimental data, extracted from
# "LowWeberDropRebound - Data.xlsx" (harrislab-brown/LowWeberDropRebound),
# sheet 3, the Experiment block. Dimensionless throughout.
We,We_unc,tc_over_tsigma,tc_unc,Oh,Bo
0.2197626014396613,0.005772577766716497,2.8896191478329047,0.48163777181684025,0.042181858926155516,0.00499251144021029
0.559401226210831,0.018549818787350594,2.662732945598115,0.5326246026113781,0.043619612050542086,0.0043661106074281645
0.051306285678011536,0.0025477276946892316,3.8210017348726404,0.47769574486894867,0.042065398952030764,0.0050480294470451
0.126237255074795,0.004563470111572916,2.8704657912747016,0.4101799005530302,0.039980422078209905,0.006186320690037986
0.15874448589680862,0.007108962160644304,2.772722480548723,0.39613495155199907,0.03952137544356292,0.0064787873476906295
0.0848242510718918,0.004126187004438003,3.564579939030208,0.3960971985937207,0.03952008584249736,0.006479633040189025
0.044153855751752,0.0017876143254522458,3.2066013890996246,0.40088605177314107,0.03967780079211917,0.006377222323109813
0.026198138662657633,0.0020691131449890815,3.6255186516196196,0.40295544070649675,0.03974402136510874,0.0063348261059532965
0.11487442283492448,0.005764930118597376,2.831051151904811,0.4045187431361656,0.03979658640919843,0.006301423115175076
0.06132473004871416,0.0036972143593244494,3.2674366875535954,0.4085146936544721,0.03992715149004834,0.006219401843069428
0.1243948534821117,0.004487107840315763,2.802206653029888,0.4003422217653081,0.039660967364552574,0.006388056035063528
0.06772360429216788,0.0044135397531136385,3.6835104265883998,0.40943046346873263,0.039954809182479095,0.006202198829918567
0.11884803541191889,0.00734735829065229,2.7748526104601665,0.3964806624621851,0.039531493551350244,0.006472156896917761
0.0980064595176599,0.00367220947931269,2.8459286476176686,0.40657292438819165,0.0398661765121212,0.006257539316947163
0.07891200958289729,0.0026294655819054115,3.196189662523651,0.5327365329347212,0.043623753123095334,0.004364452996132045
0.4120701661012475,0.003978191543670672,2.718077326650798,0.5436488786292322,0.04391975047235157,0.004247980086069128
0.44612415800477334,0.005511489135785739,2.79511517869799,0.5590896075653363,0.04433082676932816,0.004092593446134269
0.30415025643202254,0.006614805481934626,2.845527455941013,0.40661887616383974,0.03986430310724531,0.006258715680776301
0.21706596849941076,0.005446549830773166,2.9020653313242564,0.48369348904575277,0.042242334160941725,0.00496398313427258
0.10337996043761356,0.0032027659690676167,3.4444621899335854,0.49214118975207355,0.04248514030301104,0.004851473919601465
0.21350081964154385,0.005049027490371036,2.859103347603832,0.5719460984523522,0.04466656406985732,0.003970925543199248
0.12368439354597423,0.004197130275856648,3.4808426683105034,0.580394500443994,0.044882149089275465,0.0038951783898385885
0.2511872443550377,0.007150966243878245,2.8970903707678946,0.48288087258237145,0.04221818191940397,0.004975352097581575
0.6216598288653528,0.010547981360552615,2.3713189025078125,0.47436274674184353,0.04196648375281557,0.0050957908931108485
0.18466665388474077,0.005605549361715605,3.133777073933358,0.44771888903325363,0.04116732195270508,0.005503151447356139
0.21292274752063917,0.0041218752893224025,3.312688671758186,0.41415446784923277,0.040110629207413206,0.006106382846289736
0.6109688667759282,0.00839798321225025,2.836489435627976,0.4052386720330272,0.03982205241507375,0.006285319654673761
0.34918991235912195,0.005882937172970893,2.6689678027308803,0.5338185286736961,0.04365363099046584,0.004352516602228006
0.4315503629917057,0.004734640115974996,2.868937017958074,0.5740655532412233,0.044717714564757656,0.003952788071357644
0.0430618809766018,0.00257391407743158,3.6854387400885695,0.4608184667014618,0.04156192612698131,0.005297113321100808
0.05722906736395099,0.0031588705839167455,3.7201528514237676,0.4651646354923374,0.04169201275517601,0.005231310288749607
0.05129025009163481,0.0027207271534512526,3.754470119718748,0.4696648445255619,0.04181981923918805,0.005167652753846326
0.05274916024110142,0.0034679027649010094,3.233153535411492,0.46193300696736994,0.04159795931249012,0.005278783190837486
0.08951200067042384,0.00485159819719172,3.5088342378823008,0.4387056575657121,0.040887154238651024,0.0056555440593771275
0.07613374522630223,0.004796681557675197,3.4743784244501588,0.4344302307658834,0.04075288012442693,0.005730449639838224
0.056105670675780595,0.0020183793630219036,3.4951294487372775,0.4993644854477551,0.04269244274177295,0.004757928482552951
0.07821370035329583,0.002798041676852795,3.5774220971671578,0.4471954686411735,0.04115184668856346,0.005511434018338613
0.04365470038928676,0.0025695835333117804,4.471996158975219,0.44721919663541354,0.04115251704657544,0.005511074910906876
0.021793226706838954,0.00258362686693259,4.474041980563606,0.447429682568706,0.04115879149089578,0.005507715140111228
0.003994918947043329,0.0004435877031988419,5.362543810535595,0.44691579393714415,0.041142669334096396,0.005516353223705179
0.03771575091475596,0.0028483347270248874,4.382359388972057,0.4386131015811196,0.0408757053257816,0.00566188298754837
0.04684177639510344,0.0027690647070333797,3.6314411151119605,0.45480150613377623,0.04135794353835186,0.005402393128972137
0.26344618376827994,0.006715664530342525,3.1285150219668134,0.4470261269922334,0.04114426713809813,0.005515496381335401
0.11199115996710465,0.003701729161788865,2.973940804186827,0.42490127633844493,0.040455169279642364,0.005901003024427113
0.18693777442225143,0.005694843832696659,3.0173279715091885,0.4314557249119165,0.040650955281475214,0.005788138374815167
0.12786913281943144,0.0037174562700170556,3.03606617864435,0.4337312744314616,0.040734931857426875,0.005740555917847692
0.06498171051656189,0.003962077884532843,3.9149438642600085,0.43503719413896663,0.040774652903526554,0.005718219697372669
0.0340679472069932,0.002307760000094244,3.9328524987663243,0.43699806334813157,0.04083673193183312,0.005683528097527892
0.017584428881273616,0.0018464788784849236,4.391980000892178,0.4392488883627078,0.04090559499982838,0.005645352589587021
0.008499948015260937,0.0009534371424112821,5.296072442473767,0.4414867650573785,0.04097196752748181,0.00560886063252353
0.09786239899026145,0.005602718247194552,3.4916708180679388,0.4365348544937153,0.040820378904593536,0.005692641070792838
0.16589765901373651,0.004791973206387484,3.3570041256012155,0.47963957196236023,0.04212247435158439,0.005020724951180266
0.16170623866113054,0.008567026622608453,3.147272810578498,0.4497047088161698,0.04122633356263073,0.005471710066027572
0.02395795499317948,0.0022297032853457774,4.344713022523426,0.48309061470129533,0.04221519421304606,0.004976760734400739
0.02362162940124001,0.0016885180376551975,4.642129887826152,0.4225025099930227,0.040364923195151045,0.00595395306028554
0.03978564875923775,0.0028830798116103256,4.3644287918243645,0.4054553625613059,0.03954341493145688,0.006464355632595038
0.027096502931144177,0.0025894037806266867,4.323489945789297,0.3939455358266499,0.03941938571709555,0.006546098248313821
0.020094225665166547,0.0024409443102191386,3.7494480836679545,0.46899946905848544,0.04180116464479181,0.005176883598684167
0.04774392949231133,0.003114677606081974,3.3651831795782345,0.42068655106601627,0.040321390794685254,0.005979707124010784
0.02360276913197648,0.003072127395940495,4.662300778728703,0.4238911421670259,0.04042330300811497,0.005919632421135836
0.09077878282638821,0.005348233529658126,3.6328192603821754,0.6060390322308552,0.04552606455556473,0.0036794379955263586
0.014648080735501542,0.0017063977726013292,4.694859431480345,0.42699420501244284,0.04051718201057095,0.005864959248931514
0.12817366140213807,0.014714269956433877,3.3963660395154895,0.31002788611354254,0.02990053983771192,0.019774513649764725
0.08357013245984492,0.009571626361841536,3.072237767296839,0.3072752901731881,0.029850850017510273,0.019906509648510862
0.14007609193932,0.01563181708183264,2.8447151746268458,0.3171654524293905,0.0301349531878123,0.01916636893348966
0.0851569232031556,0.008397778344788666,3.459455225677357,0.3145380555847396,0.03008454429915512,0.01929515085674776
0.1435546464016461,0.017178769700481468,3.0670221589853965,0.30741534811899235,0.029833948273633382,0.019951658315877176
0.09271190983926104,0.009058016139435566,3.0582790158302475,0.3058431499729563,0.029805572135353835,0.02002774610574044
0.24220493066643922,0.02023194991489048,2.7063232798601056,0.3007804354293111,0.02963813117274685,0.02048418384940781
0.15901693410142867,0.018357975764247105,2.6962090153488907,0.2995829636329833,0.029601163168244293,0.02058670403156804
0.2287199695836256,0.02231802760132914,3.1085696375430323,0.3109529025418049,0.029968059899749627,0.01959690177859286
0.14682627699818848,0.015065934807377267,3.0953863772427277,0.30955118404726056,0.029925635612578064,0.01970826505231186
0.22928789465048718,0.022279414568315344,2.7755113604666537,0.3084701289738675,0.02988857854242139,0.019806187397169807
0.15249365175561003,0.018283693483828238,3.068676156703658,0.3068741799129414,0.029839310305824807,0.019937321174680712
0.16218580158087267,0.017468778239757593,2.8926800545738995,0.28952029551646763,0.02925759079997627,0.021570871027660123
0.10802332726867304,0.012028483560247894,3.18079645656104,0.28919074222117686,0.029254060760307333,0.021581284599270504
0.08211603089005175,0.008048289574129805,3.2582442248861008,0.30006643357007323,0.029489590655871735,0.020900032027124763
0.045171141154674965,0.005064778374311587,3.2506725475002285,0.29571512648062215,0.02946672979013578,0.02096496615977311
0.041281330531786495,0.0037090888928031445,3.4903650025948165,0.2909609679907677,0.029311291932670763,0.02141322520311615
0.33573430914763613,0.030083511295584807,2.5501921672098145,0.3187970376489165,0.03022034384005479,0.018950659261964476
0.36696052299082405,0.037839553360107324,2.4872022249635974,0.31091478902585734,0.02996945173735324,0.01959326156455023
0.22420190416441146,0.026730609727214714,3.226066477532471,0.3227680197002371,0.030340974953379115,0.018651072078397994
0.396701631016767,0.028694253540475674,2.616479269731614,0.3272601198703912,0.030479946349694524,0.01831323782290531
0.23406267354333735,0.02414281764048968,2.6334231147884517,0.32921502684753784,0.030545599035600488,0.0181562996607872
0.20893216276320897,0.022978235030090412,2.896474789885647,0.10345803126470239,0.030602647119703497,0.01802129311500396
0.12856695167915652,0.01824520237990775,2.98548410454074,0.10296677407714606,0.030553479491065752,0.018137575172798487
0.08260273529603286,0.010480539549055217,3.189130808924869,0.10293472436868019,0.030546301475679397,0.018154629635673557
0.05539923490314944,0.00725206627856092,3.395322640585032,0.10304098544459686,0.030547625458275718,0.018151482438377484
0.14227620298006477,0.017459263316853452,3.084963589150739,0.12527585497836613,0.03245575865438703,0.014244751171512728
0.09263416351556142,0.008091588346824588,3.3346091575008407,0.12356598803036223,0.032465005345441236,0.014228529329059748
0.05495422608859489,0.0060943341632772995,3.4938832348174556,0.1249263417992967,0.032576558780049655,0.014034634445812533
0.034119487245275665,0.004445012797759243,3.1920163563035406,0.1282297739138552,0.032826918762570975,0.013611357683926817
0.14771961216030227,0.018359401873911524,2.8512569645763497,0.11889521088791895,0.03204769458006922,0.014984241226933426
0.09215142345734052,0.010321484849126109,3.081226140506409,0.11852763405088448,0.032021265819394074,0.015033771495210459
0.059994682893757166,0.006386449049937302,3.205809473188114,0.11879159174407482,0.032041516928180004,0.014995800504913673
0.034531616855973335,0.004656193737221194,3.815144076043121,0.11929769428794393,0.032085494891253404,0.014913753446817342
0.01998032649463566,0.002522311245417926,3.7190701190528577,0.12011059247999867,0.03215234437774991,0.014790108121053629
0.011923680878084111,0.001487435353038458,4.468133141514924,0.12104357445470872,0.032222795456232384,0.0146611848792629
0.1352647358261837,0.017964526441082363,3.0086862733707127,0.11144477201947502,0.03137083901589271,0.016319896189576466
0.0832797352382362,0.010513853461012173,3.1201190983103566,0.11144025524983157,0.03137083901589271,0.016319896189576466
0.05121404650438502,0.006232741263899033,3.2315519232500125,0.11145774058462188,0.03137083901589271,0.016319896189576466
0.03168793901948128,0.004072239139853866,3.565850398068993,0.11147434571796963,0.03137083901589271,0.016319896189576466
0.02038244458405597,0.002559406507974525,3.6772832230086365,0.11155941451620949,0.03137083901589271,0.016319896189576466
0.011176606179940143,0.0012763705626907724,4.345880172646573,0.11162269865705182,0.03137083901589271,0.016319896189576466
0.1523994504379009,0.019343252057414936,2.944230832778697,0.10197203072810777,0.030412097451120442,0.018477211690497198
0.09729238339395091,0.012608316505459113,3.153886582281024,0.10180671444208773,0.030433358351013046,0.018425632673431763
3.7303344903665274,0.22516044219529252,2.4834800920554754,0.044753302597725836,0.01664011775070815,0.2061561749235525
0.03748957883180223,0.0051707924084404494,4.174938075426977,0.10198363582957203,0.030442278009575306,0.018404047149018405
0.02280954053417968,0.004026515822681849,4.278512030359436,0.1021163978550637,0.030446420624446267,0.018394032793442792
0.013347058438290106,0.0021273478582597687,5.093067009797795,0.10240686254271261,0.030445624209445615,0.018395957517778307
0.00579790271586498,0.0007297876185786121,5.095016917854433,0.10236086990241403,0.030449509137277467,0.01838657105562808
4.001442511881181,0.10392769126116502,2.3175663019530557,0.0929275793762556,0.02950433339522159,0.020858289974896162
3.255166422135708,0.08963130793057895,2.4986265837271455,0.11363213164130988,0.031570489263399094,0.015910970795837705
3.4618798490230884,0.09305144283160005,2.3220734362294464,0.10556015471449917,0.030808662437229715,0.017544078149409364
0.16530813311072196,0.02026515150005223,2.9492172414590763,0.10542313281654568,0.030787280714192018,0.017592866295083918
0.10312622545317691,0.015936137653454776,3.1436094661811635,0.1047950132470058,0.030734361722812367,0.017714346483358734
0.06764390483590554,0.00965277469247816,3.2424499535071356,0.10462495300587513,0.030715596221954456,0.017757676046541524
0.11280056345965966,0.0164574318537156,3.0535132704355132,0.10534217492869001,0.030783809198345752,0.017600803486422678
0.0743503312406354,0.007515481443892755,3.287516600292317,0.10615851630027565,0.030857246806122757,0.017433847056224118
0.043549975691017144,0.005622700277717504,3.5460422426176788,0.10769546886135799,0.030993104144463775,0.01713016814369432
0.02672121033331271,0.003509366340105673,4.712162590992098,0.11045945178765092,0.03119648698250998,0.016687802980578946
0.4989040665133796,0.03459826600881813,2.7159261937676993,0.10059827600684502,0.030318414567106915,0.01870664824059867
0.28709701419950007,0.027757299494400995,2.706333436726626,0.10026374723159646,0.030282677185256946,0.018795109505402516
0.5718178028896524,0.03776006104804904,2.739064600738764,0.10146558047190526,0.030404270727569897,0.01849624479012377
0.6848420090857267,0.040143530582141485,2.6536174355000774,0.11540049285988116,0.03173646708402266,0.015580723164565373
0.36134449439498845,0.02819849542767899,2.8634955683071173,0.11460311535652735,0.03165973359774037,0.01573232478796782
0.13096684585145174,0.017420222774909257,3.212000394194543,0.11503448126045658,0.03167580106569589,0.015700428343492553
0.082817522538716,0.012210940294129963,3.206824742475901,0.11484175830256993,0.031658778335373026,0.015734223683480885
0.04558756338300475,0.006429890069625737,3.6579177635895626,0.11449108295513864,0.03163853801755395,0.01577452534586612
0.8052771228016274,0.039540261388576574,2.4941102833224065,0.15606433437004102,0.035084905468028504,0.010431354035869105
0.8674719300749588,0.0434564162507036,2.5505527757308473,0.13439470018613123,0.033379666380837364,0.012731921766637466
1.0126766266165543,0.04811157651677799,2.5232839731295504,0.1097242027602262,0.031208137565542245,0.016662897452203417
1.2063576917964636,0.056017406343626584,2.453835242335276,0.10226383351843586,0.030483615369117593,0.01830442266176155
0.5593936352805687,0.03630657892249465,2.5600844409410968,0.10258738490469319,0.03049953240277336,0.01826624186453666
1.1515775695475778,0.0532560863720181,2.591524590812624,0.1037519989101968,0.030623878692913258,0.01797136832461197
1.3363137342642306,0.07746891441715428,2.445267280823802,0.10194108323676059,0.030448094508190676,0.018389988279774408
1.327566380612177,0.09952635723722084,2.568860732433723,0.10278000667206875,0.030534344730535512,0.018183082555380273
1.351571469700853,0.10125685814350129,2.5786561985649747,0.10324256977887455,0.030573106241935877,0.018091045517160377
2.223967709027348,0.1231653954130738,2.451283528389977,0.09807830158195173,0.03006119679425204,0.019355164265879854
1.4580750864383663,0.06000999711251535,2.4718023197919847,0.145413128341168,0.03428020091483472,0.01144586169164574
1.5438761933559317,0.0946920499780386,2.4401801507095042,0.14356365044596814,0.03413338899876194,0.011644056057397642
2.2718337441699092,0.12208454926044736,2.36510659472116,0.13140449140050942,0.033142186630515075,0.013100784232076597
0.6505908211604046,0.07004262895676429,2.492160817988327,0.13846152860855024,0.03372533509173977,0.012217907543803355
2.364947703447094,0.12363970326449773,2.51483367017969,0.13241300923163785,0.03322311190767373,0.01297360562608251
0.18128351319386046,0.023257414314416913,2.9329968599785525,0.055928009273478886,0.024842787818465203,0.04149737333252781
0.06063570095973658,0.006763657473547622,4.023833797193837,0.06535244209442605,0.025529569869118883,0.03720899477064596
0.049880295252241115,0.007457925916381212,3.904952413352045,0.059553264530803084,0.025275634600207677,0.0387269821210739
0.10772792866405889,0.008785058336134377,3.2737595879690624,0.06134929574472523,0.025453633423729798,0.037655011742347165
0.031573570968846124,0.004773084899341594,4.396150765721176,0.06222874657310684,0.02532360469529374,0.03843437527015942
0.016713991601598442,0.0026116405826558616,4.420835576672266,0.06553592573640486,0.02537091441762017,0.03814849831379703
0.07959644551099634,0.012876536752018409,3.5318683246821023,0.058363831118946496,0.02508376318965897,0.03992557321959895
0.0509392940496665,0.006194414260834552,3.822212436448283,0.05902688328709549,0.025095841345664092,0.03984876698280378
0.029979869331468886,0.004647355358229305,4.007254892036956,0.059295277564027735,0.025124922444507283,0.03966459359737042
0.01985562867624209,0.0030421949323577867,4.3074104411828475,0.0625995398840783,0.02515205177171455,0.03949373930698235
0.07522970045527305,0.007497417380212555,3.5895944003555265,0.059184357002694456,0.02535675076653763,0.03823380496979761
0.04285817263118483,0.005799917201832173,3.601144597402253,0.06042665236696324,0.02538391835783708,0.03807038591075343
0.02593097191577039,0.004072196509089462,3.9751390890301654,0.060993005757053326,0.025426169006896773,0.03781796979688211
0.011301217300854028,0.0017686218871119353,4.585587395649511,0.06320238102204417,0.025457934838334455,0.037629569180243336
0.10744275540597131,0.010935679808160433,3.6676163315209793,0.05973492505597242,0.025401098002050836,0.03796749705712248
0.06929632336467291,0.009840120155246376,3.9610443259023165,0.06053633261802821,0.025396081989773667,0.037997501978599024
0.0421564539692197,0.005606001935042473,3.9699390001781443,0.0605337038398463,0.02541507706513064,0.037884032851586445
0.02644059726861152,0.0033829369760354625,4.158554360604807,0.061387116014669244,0.02543723301148497,0.037752216531683
0.015764063242512345,0.0019487975920615892,4.1717683242253765,0.06367579093119398,0.025464147114420438,0.037592861924201484
0.13234918225626338,0.021869185244624122,3.266899731644116,0.06118926151440872,0.025591894440681343,0.03684785276849313
0.08590052353717258,0.013776184404145355,3.7936644073342194,0.06190354228042635,0.02568882030086647,0.036294873345429884
0.048117032899140176,0.006901432711520764,3.8945938764770283,0.06257600484976027,0.025776797691675638,0.03580190008786868
0.03534634740450127,0.004712237927315042,3.9211597358358223,0.06353036909035913,0.025835274618143864,0.035478855300028145
0.9949964692657068,0.04041113732106053,2.473749380615681,0.09917101172401512,0.024890549976656014,0.041179773835139426
0.9056015475538244,0.03321071279162404,2.461898128002242,0.09968955201737885,0.024850737735066925,0.04144429766317247
0.5183785186926659,0.029260950258640298,2.5551799832429145,0.09832452537019194,0.02483392198246207,0.04155666416410864
0.3216513811483809,0.024476478075951845,2.6574625137213133,0.0984558966367721,0.024846414372658308,0.0414731509999775
0.9254874206378636,0.04546403494084896,2.4338800577494624,0.09956055016332176,0.024756105077962557,0.04208164018826447
0.904181549680916,0.032035873947312124,2.3460981700298498,0.0993584798814683,0.024789869614580327,0.041852842402146734
0.5490143635667767,0.03729299337255329,2.542536126245247,0.09782447595697781,0.024792892138817482,0.04183243686028343
0.3463671772616329,0.02465854478558047,2.5438078627013434,0.09788548595982507,0.024797025120971213,0.04180455456484536
0.22928115575838046,0.02404440758114175,2.8500546395140915,0.09834298549346918,0.024834056161971728,0.041555766041370575
2.2065412480360327,0.0721356736725847,2.2917683703740144,0.09967896461126077,0.024948449370506574,0.04079882883735864
4.5866882793028,0.09230175965497955,2.3598078937467455,0.09834165190883311,0.02483806344822445,0.041528954683131926
4.446767213213228,0.08360790958462151,2.383975820256247,0.09934015501148212,0.024922568463379743,0.040968563607743626
3.403249306948927,0.1116526981394587,2.4707971236518147,0.09884506414566387,0.02488064429098322,0.041245392322925185
1.053332605831334,0.0416192055739158,2.4642426800804804,0.09857644790407957,0.024858623975680654,0.04139173092336917
0.567495753161503,0.036141109787957586,2.554096702013285,0.09826793755714193,0.024830411998250035,0.04158016666040374
3.413210568430628,0.04439784540678494,2.3554322060039814,0.09814462275727752,0.024822701907552595,0.04163185100206782
3.3725660977816667,0.054946517621841454,2.4091609366250366,0.10039163819135567,0.025010024654704057,0.040398519427030356
2.216844389441995,0.0770883735651431,2.3964456378840775,0.09987203959117566,0.024965946921970593,0.04068457249144755
2.130197093092111,0.043146592247246665,2.3771959834553646,0.09908831373450736,0.02489892009987427,0.04112442910288436
2.2402047611065203,0.11683182369585816,2.263149159242408,0.09842035901848814,0.02484416340136341,0.04148818351431144
1.555675233033801,0.04583835432039685,2.389414166134078,0.09965707684345347,0.024941505262654293,0.04084428396193635
1.590142225102217,0.06338358984271705,2.4852252628734477,0.09946607792074015,0.02492898023096592,0.04092643118510851
1.634305421340424,0.04732923549994857,2.461035133666681,0.09850016314510585,0.0248478336679375,0.04146367611293496
1.0574402425504446,0.039606712577431834,2.4579924282051606,0.09853894989713688,0.02483758922274824,0.041532126432559296
1.0270659378476414,0.02849105729926988,2.3885989216540278,0.09895336708668458,0.02460161799279568,0.0431486533220586
0.5609820966496593,0.027735805471507585,2.5891999455149417,0.09597605336977097,0.024631822021037614,0.04293740334293832
1.0482415398686968,0.03177951366116488,2.4117131913052834,0.10069107287352583,0.02501885337506434,0.04034152585062335
0.590119566183008,0.031204320926815982,2.6163449370609344,0.10065252576953543,0.02503051663969167,0.040266387947857765
0.35601260310438887,0.01593835405682072,2.5293880481779354,0.10122739059100763,0.02507577786758257,0.039976454334559396
0.8037020151558605,0.05275022754018346,2.474359189015574,0.10011108800158033,0.024569278028849423,0.043376284505869896
0.43518121797660175,0.021340059719712732,2.494527806810036,0.09603908449268216,0.024635852583553643,0.04290931104588242
0.747782748807151,0.030776702509677675,2.503061194350005,0.10120286058019931,0.02466391240490641,0.042714374503766916
0.7667827765454649,0.02383469988801879,2.424430000383527,0.09843334678041808,0.02472402323814182,0.04230048587471754
0.47694559776167333,0.030691240785623172,2.739622715849485,0.09791285582085127,0.024797439456785135,0.04180176061669552
0.5784357737417501,0.03997227295198552,2.717265952239823,0.10251001311021932,0.025031414422105932,0.0402606114448521
0.38303404705158106,0.026843261658099173,2.6174165851130407,0.10076330725165407,0.025033933651279053,0.04024440777518926
0.24308769272755337,0.023089668409426833,2.6468759305291996,0.10194028152314476,0.025127503477950824,0.03964829912225557
0.5929557467299479,0.033410246568913095,2.493992996985023,0.10648528402453952,0.024958261833886965,0.04073470562448942
0.3457309298737959,0.02494507788771137,2.6110904404298116,0.10047283410598729,0.025013748856882203,0.0403744656703797
0.1666457577912634,0.016931677763216663,2.8585961474511064,0.1021801832576784,0.025151324111658165,0.03949830992340142
0.1099726785173709,0.011375116046500242,3.070944708555509,0.10264772764476265,0.02517364926351376,0.03935838052146553
0.054441275779268904,0.002160722050075056,3.3687230249851847,0.10257374006216896,0.025150486168501494,0.039503574074937924
0.042432707165230614,0.001952168240168676,3.152575278485891,0.1021203319401188,0.025118701604699305,0.039703901164307415
0.0999239789448902,0.00545518335551626,3.3681651430417157,0.09980457877530859,0.024900080408137095,0.041116764279494865
0.07414087115709268,0.00541666146200206,3.1530608795477355,0.09892682333822705,0.02485555064360927,0.041412206692640056
0.12987127198395793,0.01663916292443596,3.3014122212647767,0.10010683148479275,0.024981846438300905,0.04058109771436733
0.2299036443194504,0.017540080600171832,2.851983867648673,0.10539371583020724,0.025131916451538443,0.03962045869579776
0.1550682678464743,0.018261692886795536,3.041011305921963,0.09816964446008856,0.024818834126881486,0.04165780879082345
0.18595841252149736,0.012993820815899348,2.865969347778661,0.09885898074484886,0.0248801948544461,0.04124837263536994
0.11557809458879903,0.00960766273623033,3.387346126432,0.1009468072335185,0.024947257851507018,0.040806623852399714
0.07492835692653593,0.009598564018978299,3.5305255900251833,0.10406683489234528,0.025050690577317944,0.04013683449907303
0.04635960497346181,0.005459193594174815,3.5977573948810218,0.10751503342952953,0.025208705205530993,0.03913990524598092
0.44252715813369425,0.03793367109697899,2.516401174763915,0.11028255709037109,0.025032787904453933,0.04025177620228965
0.25198828219231034,0.025909668470817854,3.033110938778984,0.10130993896834328,0.02506984274223541,0.04001432446237913
0.17422315358692203,0.020862439258040235,3.237841232148644,0.1020823070407938,0.025076357527131807,0.03997275811512188
0.9969488798561986,0.04558871975996892,2.4856923870828265,0.086925532471589,0.02346053826135876,0.052175910941807124
0.5172287107309814,0.03857545589780288,2.543074536312704,0.08512312241191602,0.02363969529586423,0.05061210853341858
0.9601545534338477,0.043428141679032146,2.437941473844047,0.08661060948119342,0.023574239357130274,0.05117656981073043
0.9483162880518365,0.04803493496321126,2.4632860501231395,0.0868477354137715,0.02365564964347523,0.050475707013741586
0.4804317988056738,0.03395484335751197,2.7295968062746785,0.08533167355478102,0.023688929595961427,0.050192656229682046
0.44955641068573876,0.03206008980467014,2.4659882107417848,0.08813585546425821,0.02394272538925746,0.048098063412770974
0.945201996351594,0.05501977933226249,2.512842405670375,0.08723596200410456,0.023813232252845696,0.049152831113128265
0.7364188419402365,0.03716679875479288,2.46012569195128,0.08949189985736963,0.023923736915584214,0.048250948681659654
0.44920359036812446,0.028024862974103008,2.6291981276595404,0.08784479928360774,0.023903598347273135,0.04841375826054211
0.7231078376338205,0.04115181807315476,2.451236146845998,0.09029979078048016,0.023894886382523562,0.04848440261057631
0.28537854989837697,0.027045401750264677,2.6219112879227486,0.08753774739881617,0.02388149492190949,0.04859324391951127
0.1939400907919156,0.01945315627444131,2.7990721971046666,0.08776570346313356,0.023888229911122622,0.04853846604870228
0.7231145034964936,0.04180575791994294,2.4497454256469178,0.09044026580920392,0.023890041502241693,0.04852374496039196
0.4154191207469718,0.028514041457321868,2.7210562276685057,0.08787930671623516,0.02391596285830931,0.04831371656212435
0.2688868334936264,0.02627221628114346,2.729349044397439,0.0882271437412878,0.02394023401628936,0.04811808809952417
0.18690955986564614,0.021520115389080396,2.9118459470255385,0.08859932282185234,0.02395782644349573,0.047976909680454004
0.7626402661220668,0.04559721101832706,2.5922482618859846,0.09147797414699378,0.02406146840189085,0.047155615523345566
0.7702913236660908,0.04252955000828906,2.502311845595223,0.09116050132726158,0.024059710444315475,0.04716939900718455
0.4523390249999676,0.021957873319001908,2.6861528703727346,0.08964862990347555,0.024074969907263967,0.04704992294382349
0.2992323730699232,0.028449648832892308,2.7735790049194873,0.08968483961082968,0.02406886135922493,0.04709770520359612
1.1085726079189597,0.04946018126614898,2.2806085999523487,0.09059402984623705,0.023910485770940352,0.0483579999591107
0.5970122490736001,0.03680750750888039,2.401129781997426,0.08908558763435401,0.024020380701767548,0.04747908962110809
1.1088933665366865,0.04848366475190403,2.2928482965738866,0.09001641396612882,0.023953184183099198,0.048014113262468634
0.6342277194918916,0.048055441206185365,2.4631294025875237,0.0880707680838522,0.023933469583184225,0.048172510565247705
2.334597988620572,0.047898017047621214,2.3276012539894064,0.08638370561469903,0.023772646675521987,0.04948935409552282
0.8473593630185404,0.051710981082477445,2.7428987428135403,0.08877055290710527,0.023979785282627765,0.047801416694555676
2.4070282555351135,0.05141688254930247,2.466400856434324,0.08813629620895423,0.02394406079865184,0.04808733419969996
0.8815541677086868,0.04321524881948925,2.546193866128832,0.09118328449972393,0.024199538006582158,0.04608861193185928
2.3715617524732013,0.060479603210291555,2.504307883478028,0.08659058454253483,0.023786242222241433,0.04937630417716415
2.3932534502389515,0.061660411790946154,2.5040996226397336,0.08642225832293786,0.023785582841113474,0.04938177962121453
0.8629308889891384,0.04375505245676161,2.6537559925874157,0.08861496938656005,0.023977791194608196,0.04781732009834234
6.187590242994374,0.2246842770136192,2.3903936877239067,0.08854643779304494,0.023984526692682626,0.0477636291789135
6.337639772541994,0.1359436254542794,2.2794202782023505,0.08767803265855069,0.023906332159386277,0.048391616609273824
4.981492552037026,0.10051420666563034,2.3975485938798555,0.0856391538201898,0.02371914655521767,0.04993737323821245
5.050787201096338,0.13689560561758168,2.423466130964669,0.08655666712671571,0.023804308533719825,0.04922657789173665
5.020739171498183,0.09542806967549307,2.4777857612232412,0.08546895899163834,0.02370197384446239,0.050082254421528534
1.11771535686371,0.03134784653478846,2.4016094549262625,0.08591608849157861,0.023732530479771214,0.049824820070791115
0.6139299083005334,0.04274038938427861,2.646951405395757,0.08554188822575776,0.023696853720946272,0.050125553072408055
3.641242659520946,0.08021393630719796,2.510882336206176,0.08659391923651169,0.023807039036415206,0.04920399798488375
3.5987959026596954,0.07835072617862865,2.5121795565221063,0.08668306907798798,0.02381113821400029,0.04917012411531471
3.6080369498363885,0.08902096503441535,2.561426307261969,0.08851506598399013,0.023965723924768347,0.047913701158158024
2.3110337949773143,0.0613531659496952,2.424796764793359,0.08687057905645477,0.023808664419203755,0.049190563020079604
2.3606968530945127,0.06437075572141711,2.4539488908369442,0.08494387767925171,0.02362572264986174,0.050731946168933555
2.3268047320268073,0.065854858954291,2.4099672607924414,0.08621355250177119,0.023760029015813342,0.049594562285959314
2.059512135446192,0.05907536612089478,2.40039613306898,0.08611127505521476,0.023728533153660254,0.04985840265865608
2.1010363037925583,0.07858762934597227,2.4660898151572015,0.08545460882964966,0.023664621363059635,0.05039920523183235
2.0459322770979127,0.04670908315721719,2.430423705945968,0.08709094816800146,0.02382706684911727,0.04903877300240978
0.8873222383695191,0.04671969763856594,2.429050374003324,0.08682358846277201,0.023822578106786615,0.049075743751339454
0.5168918410040441,0.029803173349345978,2.5963830293157453,0.08667494866103745,0.023803734551187183,0.0492313260908546
0.3329207042073095,0.027259632880833305,2.848815488731035,0.08655259192338503,0.023783698467857738,0.04939743147863486
0.2157707092017208,0.017222233734769707,2.931257925076553,0.08644313022850686,0.023773199520393824,0.049484750763736186
0.14840223149876441,0.015622947280571372,2.8401255295213863,0.08637756892357104,0.02375949076034262,0.04959905656605518
0.07052662491501636,0.008648436254668506,3.2641214415239617,0.0864514652523647,0.0237441612750978,0.04972726739276084
1.76819264663663,0.05829338588798383,2.3114863942925337,0.08640629932210502,0.023717657248080126,0.04994991732568268
0.7992749258914311,0.0425730343573453,2.5021440288627264,0.08646568253928749,0.02377938939053585,0.049433246564253484
0.4680146421639437,0.029042247296520187,2.700885809532442,0.08730482497133862,0.02385672215470646,0.04879539498246121
1.7891550244274956,0.061538677017352016,2.3550909160991904,0.08528730329495696,0.02357829940393298,0.05114132967680002
0.8387028233820536,0.040407398773757264,2.519789251969288,0.08417657042293296,0.023567322835290297,0.05123667332225185
0.5068689760187138,0.03255135833161208,2.598711768937201,0.08400233576057423,0.023552015004370725,0.05137001007984458
1.7741280508144792,0.06759913951298538,2.3238824916741008,0.08673805142228247,0.023759979565244026,0.04959497516291313
0.7983437166981797,0.03846602538897866,2.5212029994753,0.08710201937174941,0.023839613051108818,0.04893562286589079
1.5063323188978155,0.051600939565305294,2.3597494631543254,0.08801105286804102,0.023881593778405544,0.04859243932865469
1.4951071302976708,0.05736019842159037,2.4209685341836114,0.0901904032821042,0.024086353528164923,0.04696103960068779
1.5396706556101167,0.04429617062748203,2.3563548083006514,0.08754119762487912,0.023870136534698074,0.048685800568032775
1.2365179387351544,0.05357938662922592,2.382064789571243,0.0889321521205354,0.023956637682043903,0.0479864331113787
0.6459949746210649,0.03367809310785218,2.59083919669945,0.08948353134817578,0.02405710792416702,0.047189813636150546
1.2204667522731416,0.047145195712827694,2.4184102036781248,0.08813393154679416,0.023787743190449104,0.049363843096188485
0.6242341093233227,0.030960174001850478,2.6805626838279277,0.08960631394444284,0.024058257400738556,0.04718079557688488
1.3407042586279836,0.05916175747316731,2.432778488049945,0.08502638514596744,0.023292871648616254,0.05369449892753168
0.6999105879176507,0.04570466927272757,2.5123003335214134,0.08121872917060986,0.0232880191874511,0.05373926562328742
1.3026010040130611,0.05484200398767674,2.294484796091214,0.08408114095708666,0.023374283859276195,0.05295033022145137
1.0013169918042368,0.04234841619593852,2.398565915314661,0.08632228674336978,0.02344663284835671,0.052299796239881985
0.532717755906966,0.04360463490585444,2.5768726221863893,0.08321017063104465,0.023485853565294767,0.051951313616842965
0.07613595303723183,0.01138790626875408,3.7820789542985134,0.053824737604386254,0.02452896186327973,0.04366216397344487
0.05423184213921779,0.00725708711314328,3.9995991505685784,0.05571919092531009,0.02453805611514079,0.04359747196623256
0.037325771915511764,0.006227339764803411,4.018493330451542,0.05713150033630939,0.024576634839227614,0.04332437050774368
0.01874087763739117,0.0028110878129847887,4.42029675824886,0.05726263497034237,0.024626400913153147,0.04297522375660292
0.17455576613388865,0.021098679064184528,3.136148365554397,0.05099026938881082,0.024109602909039834,0.046780159504763136
0.1706138484648286,0.02063843445605383,2.9971398814805545,0.05082566154410652,0.02400897805733655,0.04756935135257487
0.09089685381170202,0.014400178134670866,3.726429116501446,0.054744219532496925,0.024641643974810782,0.04286898629875187
0.18266358413117312,0.02099535867538341,3.0583848566008256,0.05064243028290479,0.02403860089906821,0.047335304989999154
0.12431699561070579,0.018158426482694768,3.1774303423591843,0.05197399742461543,0.02408612394910435,0.04696283007980726
0.05854057083120042,0.007446217879452377,4.064756181519119,0.05522306838712539,0.024670587939078333,0.042668161490110386
0.14564961619044026,0.01977388982008656,3.1587463997168888,0.05026930298477861,0.023912960653048834,0.04833798373905903
0.0863061695468093,0.012847047569138225,3.632172072101681,0.055083529803618844,0.02443210363886211,0.044358666341323426
0.06097240850706798,0.006489950230561413,4.057224659708915,0.055899013123841865,0.024439999782034465,0.044301368031269585
0.03479803934715189,0.0048758045749035745,4.390378367374688,0.0575328727359697,0.024471638004651148,0.044072711370005326
0.14491595800607365,0.017851457961484327,3.1569110997303693,0.05026989791421841,0.02403416406534156,0.04737026806008887
0.10071407484321901,0.015575551770135771,3.5164569675734474,0.051276084714345325,0.024054195865970997,0.047212669430764125
0.06864375862974216,0.009858589456154603,3.763349977807641,0.05279331520621146,0.024045078659781522,0.047284316944185945
0.03911509887366998,0.005423463516222186,4.372086471326773,0.05831586890659085,0.02453654356308184,0.04360822320243358
0.02644704029490181,0.0034337646681776007,4.357106802138499,0.05574132081203034,0.024508489080369088,0.04380823689795758
0.017603959377169714,0.0025870701729530476,4.426642920178876,0.05481106454799277,0.024538831963056573,0.04359195851658378
0.6772598522711923,0.046447464262325155,2.454791238024332,0.06775262706331385,0.021785467114930138,0.07017047606174999
0.42061179058490744,0.03639638610102599,2.6533813582291255,0.06722191100408711,0.021784243874867274,0.07018623838393435
0.2744558614971208,0.029127362616928176,2.7882829027714884,0.06707450954523776,0.021790060930532307,0.07011132096245778
0.19592695314005984,0.024786082677631258,2.785900442635378,0.06765610419001451,0.02178385295876904,0.07019127655033446
0.131767828432277,0.020210687817991693,2.918173495698787,0.06844810586213336,0.021782885413499178,0.07020374831636171
0.10845125825872404,0.017840492119041988,2.9043374800693935,0.06769886992321314,0.02174840426412462,0.07065002821371251
0.06589017913310523,0.009292276077341347,3.3219072395371754,0.06786244396746482,0.0217955798986847,0.07004033497267893
2.977602249410693,0.1029233875910416,2.501217625366391,0.0843105363566789,0.02172794020598266,0.0709165661523692
0.45061154525321523,0.018229403102652288,2.562093844343647,0.1423724896941303,0.028097656930585784,0.02535954786496511
0.27023859307811393,0.024517557159457515,2.7071365862807766,0.06571081593845778,0.02157659395844226,0.07292733997761928
0.41487039986141006,0.03665876190352415,2.4527424475395603,0.06744028441584378,0.021586656444071414,0.07279145652273025
0.18678239484702655,0.014993950923467772,2.8345450614242935,0.06621568305158144,0.021572782217712885,0.0729788963866713
0.12595538191687025,0.011886884280615719,3.352517256451341,0.06857561954665249,0.021578362715720785,0.0729034317866069
0.08610640348698259,0.010214801764363873,3.1510028784671613,0.0694274642833147,0.02155990466651203,0.07315341140745601
0.06601238894145267,0.008361530021344843,3.4897409453335277,0.0671693640308221,0.0215954573477203,0.0726728687896973
0.3311053793563655,0.034961055808860525,2.614087286210979,0.06557740509559037,0.021676173942135175,0.07159643841538679
0.21308190867391252,0.02544096544340302,2.7718463466695025,0.06729641290466434,0.02174716001969204,0.0706661983156775
0.15273716600305626,0.013114871214682978,2.9366777031307345,0.06811130325503627,0.021828830368449712,0.06961455708830433
0.32087211582896985,0.033333727478847636,2.7102444109570167,0.0674007475231956,0.021758926397475856,0.07051346817416575
0.3815611031995666,0.03457336695123001,2.5940547786438493,0.06820994718448414,0.02162066163226855,0.07233458732841225
0.25779767140498105,0.029856730958990736,2.764143749563693,0.06768076280726587,0.021726997163933174,0.07092887924978215
0.1753200969100348,0.01889369347780495,3.204285238183388,0.06955893171818724,0.021830276681668488,0.06959611033197026
0.9723228897328535,0.07478567434921153,2.4224423026922994,0.07234945927424119,0.021689348259075765,0.07142264340521849
0.5583142996045944,0.05137570778010697,2.601142864495294,0.06781821792592847,0.02182373749664812,0.06967956192786173
0.35527565814194734,0.03565506254427075,2.652188723398949,0.06900209375192151,0.021965572917933173,0.06789718787009477
0.9435597619172018,0.05755612855195399,2.4802498195825917,0.0733048392144668,0.02166705435894837,0.07171705324459257
0.580846612806616,0.04966884230106956,2.5671538408270345,0.06658124011717688,0.02172826381304353,0.07091234150026483
0.37619743074812,0.0344895297971297,2.636106540551741,0.06682799856155844,0.021736865526188864,0.07080016237301892
0.2453292453307914,0.02214173281821486,2.8353440870877793,0.06704606504054539,0.021740775658927642,0.0707492417690652
0.1685985293683595,0.014690202455200144,3.091073482392764,0.06790002405791788,0.02172199719925346,0.0709942073784343
0.11384285545420425,0.012550930912922859,3.1472420167836637,0.06849898888748518,0.021699958199599752,0.07128306075645147
0.6575201509621059,0.04866906434166131,2.5799227687697535,0.06860834021013072,0.02195349310973054,0.06804675171503663
0.4106138048157948,0.035724804000555346,2.5987870999574145,0.06917398166296233,0.02200687101976972,0.06738895718245487
0.2720796542911379,0.021544719642640344,2.73806230037131,0.06941727428775238,0.022013564693983627,0.06730703060073998
0.1868260515509911,0.017501741463629986,2.9385495773222123,0.06927387381458007,0.022001423720293612,0.06745572089527918
0.1294843840999494,0.011968015771102536,3.2680504461766136,0.06996568287409306,0.021974133954889723,0.06779143976952744
0.09231885787029531,0.010851979805173443,3.1269543563231803,0.06967753035444733,0.021962604097356963,0.06793390764035896
0.055035907220430544,0.006318650318008519,3.866978812252369,0.07191197450749948,0.02194799782466124,0.0681149268193
0.030937338965850734,0.0033885828539308156,3.9127778070973838,0.07412279621771531,0.021906937061572818,0.06862704296128945
0.9609941413532487,0.06773780626546311,2.5605563995023406,0.07692436211153277,0.02152719184426033,0.07359908306503679
0.5593245388316617,0.0539754957634102,2.62769486722082,0.06436745768580597,0.02153573118228185,0.07348241858208361
0.3643652950193179,0.03985941312539305,2.6233368839223257,0.0650116082265764,0.021523819057327174,0.07364522587613809
0.23586037877850255,0.026685527452009174,2.8008679332077273,0.0649251381682901,0.02148700646530529,0.07415121478270328
0.17190905253895675,0.01650980808674985,2.861984722425183,0.06464313479829713,0.021480655428834775,0.07423894878508455
5.5327301287839905,0.11956316195596518,2.3877163630262705,0.06673966605444155,0.02178324993566399,0.07019904925996938
5.4796364017463395,0.1964917152932211,2.3883183042342258,0.06706748012200714,0.021785080294617804,0.07017546003941783
1.2837791331633084,0.061555559372284775,2.554979662581515,0.0718193380605015,0.022077903835306494,0.06652587246041616
4.553583833042109,0.11457064816448143,2.423384084828126,0.06606710129906633,0.021692158645128804,0.07138563718572541
4.749800846025038,0.1444106839358531,2.373058155709313,0.06440218706107347,0.021540948148258767,0.07341125810553688
1.2362755151120448,0.07086441009335809,2.432380963530891,0.06845207754489853,0.021526756382140636,0.07360503855311025
0.692870946655946,0.056185768569796825,2.4956979311905596,0.06570227550950627,0.021524764084043316,0.07363229340032472
4.574987341741412,0.1368239578905853,2.3443683524373577,0.06555337641712691,0.02165062207913305,0.07193502703033668
1.1549878565395224,0.05476633315906523,2.4750694308582846,0.07001878385570504,0.021845290127097516,0.06940498433006143
3.0013653073580895,0.11491971532133959,2.4261825453221237,0.06501053467356732,0.02150845533711686,0.07385587374105285
1.0547148986879142,0.05901178794985905,2.4212837873996653,0.06672767725052829,0.021493969519940113,0.07405517517155845
0.5907242298492232,0.04089655848250174,2.493164438333053,0.06554895542465132,0.02151747803943392,0.07373207474565835
0.36871236062461943,0.04353856453743897,2.567056823942053,0.06511444809259367,0.02154539330930466,0.07335069316063789
0.26165066472901183,0.02486286585093569,2.8311610935978204,0.0658329322016865,0.02156419404698616,0.07309522435842265
0.17118145639559973,0.019190857850077927,2.9021795676988287,0.06589505833570766,0.021580749235371885,0.07287118886262024
0.1149331352442299,0.012304008404127393,3.0348810816383116,0.06648584568967807,0.021589563891579715,0.07275225339805895
0.0763593251944356,0.00897873245809753,3.297712239079643,0.06875478679703892,0.021599487977842554,0.07261863871284564
0.04741000274121298,0.00447162146963032,3.4234389339497535,0.07025487503803933,0.021591931884524684,0.07272034361151412
3.0763798568248055,0.1301152549443016,2.3922700128190972,0.06314678535983198,0.02140777160896743,0.07525512424468549
2.9691383910963323,0.11893057889008465,2.4626170369347236,0.06529583459817827,0.021615586503105758,0.0724025450835568
2.0857351029117264,0.07455976128429516,2.39683816762676,0.0673250001124993,0.021810954238325735,0.0698430605468383
2.1062601964092353,0.07984977289197323,2.4233520037802663,0.06612261566300792,0.021692062923577705,0.071386897220637
0.9204777281322309,0.06474994829112041,2.5496140823984814,0.06858885185588776,0.021867185062243832,0.06912742929398137
2.2374377131304044,0.12169442558376278,2.334451293781133,0.07308895789290024,0.021620050382241355,0.07234276795570943
0.9106454599809349,0.05830335923285569,2.54880342156964,0.06822325238255153,0.021676367613247042,0.07159387968852848
0.5502229474173707,0.03941146205642633,2.635436263856266,0.06765623276533325,0.02173502304255952,0.07082417241947601
0.03057909050260896,0.003914555349051166,4.177235973826662,0.07217998750803294,0.02189752526911199,0.06874510562295881
1.2100143702467818,0.07816152650757674,2.4698227694319685,0.07292310698453787,0.021636648712085843,0.07212103526307843
0.7423056422275148,0.04579669309364623,2.5591990806527916,0.06542125451057838,0.021523387407105393,0.07365113385591522
0.4622743901558997,0.03162929991683585,2.6843905307483347,0.06527433053025791,0.02151599322145826,0.07375242984468502
0.32368326189701757,0.03221329414906985,2.5540371966476125,0.06490112837799018,0.02150890683378706,0.0738496726576794
1.314933797433763,0.09346361992090944,2.3292885956838942,0.08389137921544548,0.021604100856062375,0.07255663684248538
0.6487898522699382,0.05543835142438838,2.4732366724054318,0.06764182306202786,0.021646613180387204,0.07198833058560107
0.40944155814912486,0.04029345420844509,2.4140154346618456,0.06628437587893361,0.021664169039256234,0.07175526712083097
0.01218062765633137,0.0014201279242662334,4.659620801844195,0.06857865126323291,0.0217066767262921,0.07119484921660796
0.023572505804033857,0.0027723474349677204,4.2103207469778985,0.06802134000534345,0.021724060265628342,0.07096724282438904
0.01097903853902863,0.0014101647781139385,4.750190296843947,0.06717331261879549,0.02174480079616272,0.07069687130156777
0.03804640593615245,0.004054978511971776,3.7488502496007547,0.07152288861769528,0.021722193355974962,0.07099164303290893
1.279324100494974,0.06925228403198534,2.4613658555641313,0.06742072154141367,0.021611925140649035,0.07245162156918279
0.5190898376076177,0.04711679882186584,2.6779352570685746,0.06734192266597752,0.021851233445305176,0.06932950526908487
0.5444461798288007,0.0376021802082253,2.6659694601528114,0.06743902207066979,0.021818638951929335,0.06974471519595912
0.34247578898555003,0.03549802072917747,2.6950457728043555,0.07033507038914691,0.022083256103838482,0.06646140100652907
0.5084907091625939,0.04609182877537842,2.76314065221624,0.06764016362040814,0.021899572718246284,0.06871940057910181
0.551958316112707,0.04080180903033336,2.7337944839292487,0.06713981053374994,0.02182176786747952,0.06970472239714394
2.88292394208591,0.21565171958564375,2.241103131991276,0.03529093262269585,0.016482320045977106,0.21416502933302542
3.0146783465417757,0.20590874282773106,2.1772143804886035,0.035621918540590616,0.016466139743535026,0.21500806018296878
3.0082419448353903,0.22314635313306522,2.4067756787907713,0.03654172790408925,0.016467008344097627,0.21496269885390187
3.69799382652272,0.2546535005828693,2.452434026361373,0.0313918336141227,0.016704125969551953,0.2030144273836013
3.598053817448764,0.34726067597784605,2.4542002551307247,0.030455015892067488,0.016574464271785428,0.20944207360555508
3.526256800474348,0.2903203992460777,2.463131969498893,0.031494269920214486,0.01659454673440627,0.2084300583739023
4.045172762432512,0.2876152430405078,2.3920259411017204,0.03613210119253824,0.016433300464393855,0.2167318532705076
4.765497251963537,0.2445145419698826,2.3743977388462154,0.038929370456004905,0.01694894051410466,0.1915365702707347
4.4042710616562255,0.28050792514746953,2.34139952672539,0.03374927586452632,0.016584069506167066,0.20895727266389544
4.3221677535158065,0.39012690737739525,2.3227898552057153,0.0344567056912957,0.016609511995794763,0.20767988649676877
4.740234352385974,0.3571290696127507,2.3191633136425653,0.029705665206697575,0.01639589353216617,0.21871651140470189
4.749228576397422,0.5393883514443861,2.325125690339923,0.030524939338670024,0.01640993233602808,0.2179690177242811
4.752887129962526,0.34969851560985893,2.284792465455737,0.029401140659017135,0.016381355774763805,0.2194939520108403
5.331207011122446,0.35585408666567,2.306320472162706,0.03234545980711109,0.016500831085086175,0.21320562283291164
5.911631572780472,0.5296863823301762,2.3863936908203267,0.03274116066215317,0.016552820648677934,0.2105396470039217
5.852028909360522,0.48961456463359154,2.3559114993440438,0.03013013417321642,0.01648204021306642,0.21417957412214636
5.869357890414624,0.25868266928005745,2.3396685449148484,0.031973245417370004,0.01651146856370473,0.21265672447559375
2.3769921956309616,0.20094081382517204,2.3554451281996105,0.023957654596277987,0.015426009460119187,0.2791306679536592
3.996478868572424,0.29129449346523983,2.3656208366597493,0.022067136458900176,0.014702515482424822,0.33826366237484656
4.07415931954559,0.2599639147582,2.3817991291868164,0.029907360167112335,0.01523355297662618,0.2935060781582925
1.6280494843460735,0.07854853004593727,2.3245594454468943,0.03349729609761537,0.013930751620491665,0.4196852753550364
1.640033595094501,0.0895929996614926,2.314778542127397,0.03464676745203308,0.013945963744111724,0.4178571145783763
1.700919687446495,0.13256092963919533,2.3467378181382226,0.03462893564930312,0.013940323883065623,0.41853373776835506
2.7762977947222027,0.24922960910345948,2.416057620385805,0.025713590180264048,0.014254453598875741,0.3828420471622066
2.734757573595355,0.2185918435551649,2.416790356524272,0.025830966773166524,0.014255894472014027,0.38268729203335455
3.5697351333806604,0.2507868587865128,2.3589915644467,0.04620578494969898,0.014141330576496847,0.3952399442644856
3.737238978919594,0.31777316532235284,2.360249920999984,0.05110588898417834,0.014143844598888108,0.3949590087184884
3.920328584951542,0.3005797002499419,2.596113209537124,0.045290356478784884,0.014675755980778067,0.3407375531610084
2.1666770221840537,0.19781028396039865,2.182970465177538,0.041424324792786606,0.015193388326471026,0.2966220117036983
2.099382897747006,0.1963039320736508,2.2701462369042806,0.04178558839800114,0.015187049775315327,0.2971175210271183
1.8747543540021931,0.17421434938073582,2.285801237324632,0.03697809486509224,0.016122625842972936,0.23392617871116783
2.2018097469222893,0.3209604317452363,2.3953119719530798,0.04279767980770437,0.01516661626453945,0.2987219485938164
3.817737064557528,0.39252149801018604,2.443618870854391,0.02694807451281565,0.015616142126643133,0.26578282694959393
3.899717474591528,0.29588086671804587,2.4644093682801125,0.027545334285811917,0.015407675155857085,0.2804616431757276
3.738975258189588,0.3253685552688053,2.439661727116195,0.02985564959541507,0.01530748510395576,0.28787672035910755
3.7828476454657447,0.33333888219873403,2.451957110848935,0.02653758154863259,0.015430823586653722,0.278782496870801
5.175824932727862,0.4049101683184878,2.344351829654297,0.023526618953547837,0.015153295518704011,0.2997737195939948
5.165593336187677,0.37850259360793936,2.3252691927182747,0.025220264264275937,0.01511206834663538,0.30305837621648035
5.093510811158172,0.3630488533600458,2.356131430764459,0.023762688018705964,0.015130750803857848,0.3015643598296424
0.0008236331300277298,0.0002828379719538691,6.4604788656174685,0.10955256215442337,0.028959398272174402,0.01609717830742542
0.0025121148774435755,0.0008078432438275425,5.250554905331056,0.10961008449459714,0.02894942596175807,0.016119369976943652
0.00177005871065292,0.0009373209087455968,6.070940521516904,0.09809646522100011,0.027900162347791593,0.01868447794844152
0.004226246699957928,0.0015766955930286313,5.186133386007472,0.09841234738932333,0.02789381429261208,0.018701492558451185
0.003840043791544943,0.0010094989938082774,5.488432735728028,0.05412787174122301,0.022632801607177042,0.043147399257908635
0.009251269110014056,0.001373169691335914,4.721476609985253,0.05326374113425709,0.02266020034487176,0.04293909714351728
0.0009173538153238105,0.0005205616312365861,6.494800602278272,0.19144900033614873,0.028777635770623602,0.01650773328242968
0.005503449295773277,0.0005540633980398371,4.776977309297369,0.1912375599347211,0.02878042479144889,0.016501335361589976
0.0042557636619600745,0.0003024514528839059,4.972373393028857,0.4975486820533509,0.039422943157069686,0.004687180889279219
2.800177755507125,0.013776285572052464,2.2526835077802168,0.1254020730236191,0.08143088134735928,0.013971952073121612
3.344110127678625,0.019844885628416763,2.1611689772825002,0.10807658188315841,0.07754125400803594,0.016993480896829387
0.49425822781362105,0.02260562415475437,2.552407254274857,0.10644130640965846,0.0771305011812179,0.01735837294898551
3.018896563141383,0.020548094627199018,2.344640220768254,0.11746341181191854,0.07967620656189987,0.01524400326167144
2.3486905227303345,0.01794608135914099,2.294497983741591,0.12769258945309295,0.08193163764317087,0.013633491323128615
2.5275627390600826,0.02625352715643311,2.257469212475608,0.11882400357957801,0.0800330415881671,0.01497394865533393
0.3946202270542171,0.014664943808737731,2.707144891890626,0.11781556828317802,0.07978252899531875,0.015162905682317285
2.4094761987523134,0.013291381977413076,2.1656822025831755,0.12037234172181303,0.08036876930290843,0.014725306953294433
2.146760210800678,0.021840380213378235,2.381293554045212,0.1254917596099005,0.08147037005413084,0.013944882928397817
2.1982616014155854,0.015382577014467496,2.226832632520899,0.11722696656036086,0.07966934301542174,0.015249257049004086
1.901533475070197,0.019623895125011444,2.4200772581680203,0.12110219897034209,0.08052170992096849,0.014613749992285187
2.090330058471778,0.016404422299987186,2.2239153857539997,0.11121648960001583,0.07828453899277267,0.01635722526976522
2.2037123771597433,0.033339360818089775,2.2678157908866017,0.10815711919694491,0.07752517178369578,0.01700758614897113
1.9057590212399367,0.019791946247896187,2.2110669938474197,0.10530644571606185,0.07687305006897452,0.017592079432663516
1.9188932863601238,0.024540012420741768,2.269194463365046,0.1080639736571763,0.07754087855164846,0.016993810031985364
0.32906306793810697,0.010026290389176013,2.6737843898817357,0.10697770134048668,0.07727553765698178,0.017228421434830964
0.09656888636576419,0.009937372401170829,3.2043218480452405,0.10684474209683795,0.07724164884372259,0.01725867636148218
0.030028306644008858,0.003449163766967742,3.6297943061557527,0.10679024902341763,0.07722909455939582,0.017269901310819007
1.607994014094606,0.018705747421239476,2.3447328024653404,0.10658948019724357,0.07718569220436165,0.01730877830097608
1.57675992624989,0.018142261222685946,2.3808928187821556,0.10825152781168307,0.07758045075382694,0.016959163771210747
1.66200889733577,0.028316045575484956,2.3590133564156273,0.10726157855785187,0.07734207451906087,0.017169211919563936
1.3311888348104055,0.021140483813940663,2.2737740611082664,0.1082920285046718,0.07759300680225147,0.016948189153308025
0.2644778908529276,0.013974516425111801,2.796641647628511,0.10758283824389947,0.07742259699127306,0.017097896714584167
1.3327957808893223,0.014685524643462726,2.3302528099199087,0.10593814901048224,0.0770264762137262,0.01745233364901588
1.1004162743832857,0.027233591348529054,2.389364458602881,0.10390468910671853,0.07652995035473192,0.017909683127669978
1.110813649767394,0.01576244054631927,2.3997551456149595,0.10434280195525053,0.07664072581430723,0.017806361759934
0.22672035083872957,0.0061970965721627885,2.911759230269616,0.1040613973881595,0.0765559682523801,0.0178853487839091
1.1438039846104024,0.01684483794452959,2.433256395083153,0.10580555670769795,0.07699572091172653,0.017480235120569874
0.24220163270013442,0.01351699065440979,2.988484103262477,0.10682794832758713,0.07722256389808456,0.017275744068611036
0.18091040939856953,0.012162570168629946,2.9463827804930234,0.10524639584068265,0.07685821417604914,0.017605666518371633
0.7792031003554625,0.02170995595267242,2.61618791918741,0.10465877042415413,0.07671663635127254,0.017735989249433825
0.7978916031561099,0.01194542223874045,2.4499216871124063,0.10653220142755426,0.07717110150335843,0.017321872261616092
0.5872537029074957,0.022751618399792024,2.6112685765976127,0.10453886204407553,0.07666852153428452,0.01778055343371469
0.4407499746186487,0.011577602847278176,2.5825473570290116,0.10762803997161165,0.07743291246997488,0.01708878752611361
0.11676657496551984,0.007063374376328129,3.1302804265937265,0.10797875194254788,0.07751307982901313,0.017018201291053088
0.034521334901100605,0.003294532916621829,3.5962367241087594,0.10910667470927782,0.07776031676808491,0.01680279558909346
0.6226061842108608,0.02648081066767525,2.657009155917384,0.11101487785784728,0.07817007228885986,0.016453245357482896
0.6254437500867074,0.014499524397060783,2.619323111294605,0.10916450288606303,0.07779873250907036,0.016769632380399323
0.14888124136415234,0.013405997538825536,3.050132877697979,0.1089409208408733,0.07774995623662848,0.016811753571856086
0.04939198872917497,0.006605396809163985,3.4860432122733176,0.10895072776760574,0.07775127266378078,0.016810615023968283
0.013912291327048,0.002423923343684606,4.032932309930329,0.10902811157526453,0.07776538266106428,0.016798417659271817
0.2883872264096754,0.026646871628663246,2.9049439865481657,0.103855742808847,0.07649619279968427,0.01794131803202648
0.08340379516852983,0.010475184952205719,3.435870126539924,0.10439374646668773,0.07658684463149826,0.01785652394080855
0.029112009198819726,0.0061470325432273045,3.952293950837711,0.10416224279510929,0.07655997638984395,0.017881603677885733
0.31423387086856486,0.031202192240379727,2.902259144320223,0.10374648484956918,0.0764726187921586,0.017963451150263907
0.08690791193721605,0.015770591312297678,3.5509977444008873,0.10533675831462673,0.07666616455233291,0.01778274007635853
0.32478536348836384,0.030093625548394985,2.801767482137963,0.10385731469134257,0.07650139465246127,0.01793643871829055
0.09399891476053258,0.014589064590369908,3.347972945432332,0.10527608782527015,0.0767109270119882,0.01774126996181361
0.029907139066743596,0.005227193186771352,4.218983605069267,0.10599433305176102,0.07691821418162073,0.017550797603543063
0.29101764142937314,0.0236396732147477,2.9218429443008183,0.10442187400316717,0.07664424009608412,0.017803096164564054
0.08065495062120848,0.009887845540172644,3.354983916897464,0.1051629731884914,0.07676443631958738,0.01769185484316871
0.026193131047591234,0.003562459390707305,4.1069524697274575,0.10546066025915392,0.07687732565799461,0.01758816617338089
0.28613795805786135,0.028825610198066218,2.8169712467680212,0.1044477279987008,0.07663952313246217,0.017807479506560978
10.146251826124988,0.2261209841225302,2.2017898557392264,0.026882211985604962,0.04874917254718988,0.10877889287306487
9.922204787743215,0.10054348107868712,2.195285452653139,0.026797415099660285,0.048701121182908945,0.10920883904482458
10.618541916383213,0.3465141308862017,2.1715581668942927,0.026848725903143168,0.04872390186278489,0.10900474148515205
10.463137793315537,0.13856923882178576,2.154767352592289,0.026611280105620846,0.04859799661819656,0.11013875490056055
10.474447523352614,0.12072812629249258,2.1682730613562766,0.02677545586281327,0.04869931983008836,0.10922499816706302
9.43653763179141,0.10609413544164611,2.1771242573315748,0.026904208235105875,0.0487654956923586,0.1086333209014315
9.407631702551182,0.16830690998966794,2.211808565088076,0.027003460575323695,0.048823001099129605,0.10812241621074216
1.5890965128774925,0.1410774341657063,2.328411808267109,0.026470287178880173,0.04851085742452061,0.11093225089318005
9.535826817500414,0.2859030946552833,2.190473765222706,0.027056156358468718,0.04886496472183678,0.10775148648277624
8.526895018515285,0.2398933722132817,2.227151133595685,0.02789529153795211,0.04934007566805129,0.10366075882800731
8.686963103164784,0.1638154649067606,2.194707979350697,0.02711307915782568,0.04889642999261563,0.10747439807795597
8.499197873715563,0.23703365537940244,2.205398649500615,0.027594695447381145,0.04917891574949509,0.10502624297492576
1.2903422976711212,0.05421884422982971,2.438806298388193,0.02838272957132392,0.049644696810967726,0.101139820269761
7.357751617220684,0.05754702207452352,2.2438703925857153,0.027761967548683923,0.04925883771634919,0.10434628397879028
7.6845200871169395,0.11674800418086868,2.238323876691883,0.026980944338859933,0.048819671806276214,0.10815191317364085
1.1742239789394764,0.02717178239921027,2.3803788262810484,0.027057861520609183,0.048869104318917056,0.10771498153163106
7.148915151387137,0.2504219768402792,2.17339967696927,0.026510135210441918,0.04853873932680281,0.1106775810610049
1.2923368135967428,0.08545323919456833,2.3511919765909606,0.026425998266426578,0.04848558113251074,0.11116375471618427
6.733012054545977,0.15323645848806608,2.2727764187637853,0.027757718923626395,0.04926753849559132,0.10427259217011438
7.8301248187663,0.2078234626797976,2.211391255502047,0.026648406880690794,0.04862307367498108,0.10991171702378877
1.3131359040956336,0.09187431158387195,2.380541650001759,0.0261630712797714,0.04832717117229788,0.1126284559995212
6.964635575215323,0.17028433977328844,2.185739524389863,0.026664841968107946,0.048630428342655144,0.10984524170636463
6.942597506540244,0.18293535354897308,2.212327710434776,0.02666437955910234,0.04862993615597573,0.10984968877661208
6.260347166443131,0.34504073436761085,2.215085824977323,0.026704351107329233,0.04865013678497239,0.1096673541523656
1.13067894334806,0.02721240990378874,2.3651830279615047,0.02660353574476123,0.048581564096478756,0.11028784651490671
0.41464412019669,0.039455972412223296,2.6214799752978557,0.026524676175950574,0.048523303525519146,0.11081847934176146
5.837534024339345,0.14917036964153732,2.2915825807153682,0.02764620294506775,0.04920384599088302,0.10481354900721065
6.084777109635567,0.15759073519727285,2.1911904839453653,0.026734738755475457,0.04867082084125806,0.10948104785334041
1.129861468149902,0.06754386159473087,2.443205146038515,0.02658883363683531,0.04857028064204482,0.11039036695206274
5.196233161879862,0.2601562778409761,2.2324351727330702,0.027234785067268782,0.04897430089056365,0.1067924740433144
5.090423242776903,0.22596524344951127,2.2252146108086523,0.027511791934041005,0.04912194318763193,0.10551433702425396
4.47122591809642,0.17699124399765864,2.1966413319499036,0.026804121841313575,0.04871114558191533,0.10911896925649478
0.9999977899073756,0.05082168016897819,2.4565144759441555,0.026708567608446802,0.04865831631225067,0.1095936318355264
4.270555754057577,0.11495708415856808,2.1416238023997485,0.02748220584425228,0.04911295944518439,0.10559156093902657
4.660855506203995,0.19612185247989203,2.2324387948535045,0.026910999609941724,0.04877684810601831,0.10853222212467077
1.0445920335747223,0.09776373677641031,2.4005433666460236,0.026982091674065904,0.04882247146889666,0.1081271079709575
0.38230873169965907,0.03491566920061873,2.669839091245636,0.02710532008198525,0.04881986133058754,0.10815023375080392
3.6535057922639558,0.07600463664057394,2.295858083743438,0.027674031234114937,0.04923442754864044,0.10455337526108548
3.678608135718112,0.09396132310522735,2.2570120422193103,0.027202943211513515,0.04895516347260144,0.10695956006844792
0.9065394996981742,0.08039403879867442,2.473377958100868,0.027510040801439456,0.04912801716042879,0.10546216537930475
3.773110156991851,0.09572999793820533,2.205606080056034,0.026902334521629465,0.04877732091900231,0.10852801404626736
0.8671203706215178,0.04246119985825311,2.413802481120526,0.026855970799062896,0.04873036344268536,0.10894693746179455
0.37810346413968704,0.07074221333459899,2.666708132734776,0.026693797553540583,0.048637555452480344,0.10978087111602355
3.092619102623584,0.25615571928070074,2.157518629366125,0.02697887920350415,0.048820411191037416,0.10814536148282627
0.7989702680404529,0.0625929158150928,2.492676189685594,0.026819781515569085,0.04872003026391025,0.10903939441452734
3.0411033595116357,0.2018069727610178,2.2554504441415886,0.027190491029649575,0.04894387038159962,0.10705831173315035
2.8627686117225064,0.20617689858908067,2.2333635902372166,0.026929218388165137,0.04878358250140985,0.10847230462570212
0.7471127512278186,0.07912796836502897,2.4916074200481466,0.027447156678117198,0.04906735543055958,0.10598466274574563
0.2946525236805924,0.05245331673796444,2.802782530735364,0.027792994469663938,0.04928740124203313,0.10410460697763751
1.8600801149517276,0.0925706031809398,2.3391151967861625,0.02699072786252338,0.04877051741370576,0.1085885855125094
0.5876102623788777,0.05359076304863989,2.420351925606993,0.02758738121256809,0.04914113606847534,0.10534959211600116
0.21880455368964524,0.020092218254617027,2.991626603004842,0.0282411376280541,0.04941071215860465,0.10306926396438565
0.09823915156703393,0.02014727979071704,3.4747023048129506,0.028768358054657883,0.0495812426734724,0.10165857053721768
2.044161281796516,0.1415744350187215,2.3457317971607323,0.026685300367935337,0.048630843755892404,0.10984148848480813
0.5975045080810878,0.07157758598325228,2.557513895646287,0.026991648265039414,0.048791560616094756,0.10840137496165994
0.22732061571472537,0.01721511787616635,2.8192803876756214,0.027520700304504184,0.048904432182776195,0.10740407156836429
0.1209127995596478,0.024285703848285507,3.2866824744976095,0.027357353780924288,0.048937003146204736,0.10711841753019725
2.233218448537476,0.1339447014882964,2.1837338256915393,0.027310528020482408,0.049017348504804464,0.1064178222933209
1.298134061142929,0.10008223900894667,2.4183544380663604,0.027618365333965895,0.04912761381695547,0.10546562884896207
1.4386248565117705,0.11786988417798758,2.373049359599628,0.027288871447405615,0.04881889484122253,0.10815879839817237
0.5405140369398743,0.11197857043289858,2.828870482514902,0.027126702430525052,0.04880389665774752,0.10829181510796602
1.2146869198958579,0.08285285251306705,2.4174709039970295,0.028038055769764526,0.04893696071690471,0.10711878902571473
0.4174835410150447,0.039887331481423545,2.8100090368150252,0.027958011338758016,0.049008349255012386,0.10649600851226758
1.0973471860907797,0.10646807358815363,2.475112583910609,0.02845320922268819,0.04932285731234113,0.1038055843929312
0.3608372862263218,0.05961363537333849,2.918781003380301,0.029438148743327664,0.04995818166417803,0.09862502738764008
0.3806050442404595,0.0611133004525058,3.086624688980986,0.028716922039389428,0.048884694103935755,0.10757764199723951
0.11734247577765292,0.014041786010977933,3.12238137221051,0.07807626786288757,0.07494774436797139,0.019470601179992306
0.06080111736698556,0.013296344547967675,3.7477583155625944,0.12713586402943905,0.07658368666842318,0.017859469410462434
0.02783647316844458,0.004908059834821849,3.987005554889972,0.0799488305339713,0.07548179052355569,0.018925390699266586
0.013751340795439557,0.004180373446782376,4.655044136138271,0.08046812686400198,0.07564528288545179,0.018762306364668708
0.008096458611261702,0.0028343975558738576,5.480795326604606,0.08100656153431726,0.07575212240828685,0.0186566819151473
0.06872770353492817,0.006331638802265665,3.4881031524923256,0.10487255773934584,0.076512065212568,0.01792643497246715
0.03396957903635127,0.0046105021032328405,3.726849003398034,0.0810386799405835,0.07588301360010795,0.018528290373820835
0.01668376716346636,0.002422643542526885,4.1412260743463065,0.081236859180556,0.07593980939084968,0.01847292289601531
0.00834672139286909,0.003789159214045077,5.140062097457109,0.15676076779929635,0.07730761704131695,0.01719984297063294
0.12519892591677753,0.007094027765702246,3.104697850240513,0.07964364366546801,0.07543996752945045,0.0189673936313189
0.06246069943883914,0.007501124973090156,3.5520602037720432,0.08078804884357169,0.07579242372149998,0.018617032079386562
0.033529169825026545,0.006382828251556634,3.9903864346999534,0.08162430899412111,0.07601329173725338,0.01840159502154153
0.014924342552120618,0.004988217688975341,4.502538173583346,0.0820653199686465,0.07614618556445214,0.01827346968334106
0.0068906808123648435,0.003309950165952731,5.6186743816228555,0.14510813007186685,0.07714596650779212,0.017344457914672613
0.10803122681458018,0.012674212582229616,3.116319919828179,0.07798895103595958,0.0748992144781106,0.01952111305208811
0.051576343982991345,0.006003113054302176,3.436335663234573,0.0781251503647151,0.07496022517208659,0.019457637074058492
0.02319156477320124,0.0021843196978356162,3.907664191660603,0.07818518473556053,0.07497773645338837,0.019439465876911057
0.004779257968506708,0.001991143374315169,5.157409071859345,0.0782067486609904,0.07497430747214844,0.019443022409227812
0.1022350823986382,0.00787269368318677,3.176693602515977,0.07945534462907834,0.07537980804586833,0.01902801651517495
0.047128758906333106,0.0046512010780263655,3.603210157487836,0.08012385124284721,0.07558615863332893,0.018821079536786706
0.023105306148720486,0.0033245166833942995,4.0313458192786396,0.08072466809881013,0.07576057548172878,0.018648356745546688
0.009968630027992949,0.001465794175141949,4.616029527087602,0.08103680623591834,0.0758719342014025,0.018539115313938988
0.004324328795945793,0.001843245521564385,5.568484015828075,0.14607030553695236,0.07691556987185852,0.017553211270314447
0.08560698595785804,0.005183425014622905,3.2793607266254168,0.10555833166003069,0.07495429927957858,0.01946379109278659
0.04342438757848523,0.006474274447707955,3.615506617877184,0.07537025987367216,0.07406150890405003,0.020419420116116284
0.019993509148038217,0.00274457887590695,4.069864632697509,0.07539860639996232,0.07407619217506792,0.020403234902669615
0.00950477348709309,0.0016166467725148982,4.597102782738518,0.07539947258501019,0.07407438272563907,0.020405228572985712
0.09236096166708702,0.005508378087863955,3.1345476549717355,0.07647259264017998,0.07442981191782833,0.020018242329486576
0.049895948367768575,0.007091178740896297,3.5277659032981665,0.0767252411459619,0.07450702516657128,0.01993538987588654
0.024551527905701625,0.0051818236574351735,3.9826404362980212,0.07970308184418685,0.07545423372847973,0.018953052971178955
0.01034783110776341,0.0021066569185434862,4.633107855953319,0.12767019457129147,0.07552627295077942,0.018880844405953338
0.003835545849025859,0.001359594339938916,5.462163667648072,0.07710726991706124,0.07458509289434868,0.0198520558602474
0.06066688029291599,0.005258826611626783,3.44502451428387,0.11055259276407255,0.07619578076790051,0.018225939912550344
0.030415395520720798,0.005496552655615165,3.9491889563858162,0.11808804051601852,0.07627323037789523,0.018152024419984324
0.015953037745841697,0.003752804811372798,4.204851988916202,0.0793905375336197,0.07535432710111441,0.01905376674556053
0.006534666604991784,0.002344372228866455,5.159927434194689,0.16746709824091344,0.07698175974271326,0.017492919211682795
0.1180286464466752,0.00826108877081449,3.356445100657537,0.11190380002072292,0.28997277489974654,0.015596071150195963
0.03384175922465133,0.0037603596839146094,4.034551986643883,0.11210876723980362,0.29013629786021483,0.01556094062030668
0.007389447982947984,0.0015454000945755212,5.9401821199764635,0.11232407391089004,0.2901432180793758,0.015559456094593988
0.10810736110332778,0.00815958603239742,3.365201034113008,0.1121939685257606,0.2902247058992502,0.01554198863251534
0.03068298563802636,0.004439568629266943,3.8264870467776717,0.11256510063689379,0.29054377185885694,0.015473830132721288
0.008712238931621976,0.0016107522563900516,5.7532517132084156,0.11285994007564394,0.2907717386070019,0.015425360876
0.12288730075942504,0.009308319201324836,3.111445148884153,0.1111394247283249,0.28931603157141084,0.015738165514194914
0.029594818600379064,0.002625892970450752,4.00943113923257,0.11139748650945212,0.28953287280586654,0.015691071016036232
0.00873158189604639,0.0019007165237867872,4.575948322860478,0.11164418421943516,0.28973672375132403,0.015646958340381267
0.12987626766109933,0.008483993070062805,3.1171032038184014,0.1113518058990615,0.28949129576191357,0.01570008723058033
0.03419316280452091,0.0032776872511440943,4.058077088631908,0.11275525825918657,0.29069912470921255,0.015440779090044971
0.12486569010644812,0.007027608156044664,3.2174993546971717,0.11096766939121037,0.2891642618473394,0.015771232645939815
0.03615197734046154,0.0036737033232725523,3.7863677490017693,0.11139244006178683,0.28952478772389445,0.015692823804259397
0.009879453614971317,0.0018180087958555326,4.807908156833324,0.11187506748491809,0.28991255890404755,0.015609032652655374
0.2898464464819964,0.02323340845147053,2.8881042406786928,0.11108613814173872,0.28927948271416226,0.015746120741171613
0.061300040133850084,0.01012452698868298,3.659483059213479,0.11090707553763622,0.28911662165899416,0.015781630252522907
0.013935518511326073,0.002977127011448067,4.546582883793081,0.11089919573833253,0.289115613051932,0.015781850476492845
0.36286791526180356,0.016521190237621015,2.8392928222419305,0.11833115937289518,0.29541833157173075,0.014477525609984691
0.08001026381933338,0.00644504828373878,3.3217721998051566,0.11866006358076919,0.2956934685678769,0.014423716551613147
0.02291319942046135,0.004951376180944615,4.161221341197432,0.11893053918111247,0.2959070990604333,0.014382108757612718
0.11758843624004157,0.011612498740309944,3.145673232933637,0.10149308403600056,0.2806866546659616,0.017764666067946255
0.03388833078402805,0.005563852097610642,3.855270018636074,0.10147869825944539,0.2806692677231369,0.017769068430030344
0.07764430609513413,0.0016040280563088512,3.4397850390903906,0.1050312819288294,0.28321108505675086,0.017139695988421362
0.024346782896142453,0.004146948947923053,4.046602340797657,0.10376747362786023,0.2827785309128724,0.017244808279899656
0.04550709329086462,0.007970666619158111,3.6490396731059933,0.11058696724916393,0.2888413338452125,0.015841880706646057
0.012069906864202406,0.0022698931536553335,4.537840582300635,0.11069506576086716,0.28893018752399013,0.015822402503845465
0.1041555434431321,0.007967071995287506,3.251881748376222,0.11217267227912411,0.29019062352144914,0.015549291435743469
0.45507700968205755,0.02298546243467151,2.860179922930781,0.15432653933391333,0.29213857631876333,0.015138696143994221
0.43782059779456706,0.011219400942922212,2.790884683888887,0.11858367104798422,0.28975999223211857,0.0156419329799896
0.1007977343484946,0.009776036985394839,3.3708533652454995,0.11259228297287173,0.2903871061566947,0.015507250087522458
0.801541355582808,0.013190158910582032,2.5954290371264395,0.11803818376399508,0.2951435428811509,0.014531517231272783
0.8241236489652127,0.016966375847947034,2.520257813898724,0.11457473865368512,0.2922661754386279,0.015112276122565068
0.14703693090047554,0.006383543611172561,3.0745404634042837,0.1139032045865867,0.2916822108241094,0.015233662643988607
0.8386388521517578,0.018028976078198197,2.5153439861847255,0.11435183782261708,0.2920761049355792,0.015151652202175214
0.15052818350543953,0.0073003197039194,3.1482233552183736,0.1124517558823873,0.2904515032079091,0.0154935019870061
1.0196049271752456,0.010300704530164715,2.5160887783915267,0.12006986594242057,0.29666980681358796,0.014234778406360516
1.0940003244563619,0.020476796110248656,2.5094145885130894,0.11413564410962732,0.29184642157559604,0.015199405986723513
0.18044411717896225,0.008615014176528017,3.037104010906549,0.11252852538290946,0.29049350534353585,0.015484543176783027
0.04673419579822198,0.0043774586186428755,3.5705139087249447,0.11160804891936559,0.28971081669307286,0.015652555936539008
0.013663990121565281,0.0024812269536668404,4.33081302417499,0.11106726990228143,0.2892495792105386,0.01575263327894639
1.1095266493822875,0.01755763426396564,2.355807701132492,0.11222026795177313,0.2902315631672502,0.015540519849408102
0.1714416953228509,0.008378705865176604,3.154624047985675,0.11275213703331714,0.2906482101685937,0.01545160133831857
0.0455167720088099,0.0041957150972426974,3.726343110302653,0.11295139030103982,0.2908667603369919,0.015405213831678248
0.015289635801899282,0.0027363347966901834,4.401740111599435,0.1129052520220466,0.2908200804161373,0.01541510705939314
1.3055533579124146,0.016126567107494764,2.557560396396095,0.11646689629711318,0.2937010726214101,0.014819105014696247
0.1890390031629484,0.012681964698679254,3.25781698300388,0.12160057962173981,0.2973665400357116,0.014101837544784614
0.04802184519258526,0.0039033816515730967,3.944045392067792,0.11962114947458796,0.29642428547824634,0.014281998375042335
1.3029005900301776,0.01928388443450153,2.4241359536600195,0.11567143130287767,0.2930108391135884,0.014959234198279268
1.3726731451167806,0.013570265449599281,2.446400907415909,0.11120777937148728,0.28938284115698715,0.015723636715695773
0.19909218621484842,0.007203456346231699,3.4309321089403215,0.11455008674068097,0.29210214758296427,0.015146249484365095
1.52971369412246,0.01851253037705538,2.4959457948879917,0.11896405924727665,0.295876004254045,0.01438815560675586
1.6096182762489115,0.018949205935773636,2.4628692631721614,0.1119652577139558,0.29003073248260275,0.01558360847538722
0.23653105674169234,0.018829096982297677,3.094842893767396,0.11054574562889065,0.28880052971681125,0.01585083569220809
1.4978635736266275,0.010839706450622592,2.614950262140089,0.11915214221009988,0.29588165830197727,0.014387055856401312
1.7985971660551638,0.012926773764367256,2.4332199596654562,0.11589659552603616,0.29337638439343205,0.014884816950466458
0.23832232648568039,0.008989202779953269,2.9250083866668115,0.1125145955906425,0.29050640765804775,0.015481792488584209
0.06041218193926402,0.006732243695946027,3.446450926559883,0.11118575745806122,0.28936184298546697,0.015728201292116863
0.017118853950460856,0.001956369425346447,4.5702885758641045,0.11151433309099648,0.2896172211566919,0.015672799479874294
1.7452363372914936,0.009357404126891561,2.5145786121194487,0.11989286915118604,0.2966104408107481,0.014246178081073013
0.21562275728995475,0.010759102463289401,3.068995193155631,0.12801947375915423,0.3031792323203779,0.013051075747274456
1.8838205843363405,0.029927956980007286,2.4835108251014244,0.11290065304654552,0.2908387385268922,0.0154111517527468
1.8052045210468752,0.01786046505513349,2.7681650018681676,0.13208590881543722,0.30626357875834476,0.012533220889996704
1.968677893768198,0.011722158299740349,2.5587575623032754,0.12199377170180309,0.29833742820447356,0.013919163608562971
1.9939669748635918,0.03248278681539891,2.5206064317713635,0.1202209251534904,0.29684725815829166,0.014200771469708454
2.214002083873811,0.016653838587339265,2.4221577453395224,0.12130946492058467,0.2977341169724424,0.014032326949202999
0.24673992464216896,0.011347660816035507,3.2696816648826377,0.12664323202471414,0.3014961944646596,0.01334494434724837
2.3086101107975043,0.02144356521279719,2.438429254307007,0.11612359658344196,0.29358559889252905,0.014842433504588637
2.2434583522672757,0.03399642087368154,2.4641951400423294,0.11737670334507265,0.29461604429902266,0.01463586953995962
2.347834781682429,0.008642073326022624,2.6091955985901882,0.12453694704836904,0.3002849555115828,0.013561564971201735
2.2773235020688216,0.013111300766842778,2.4621089502423756,0.11727491441035003,0.29453288009048695,0.014652406860033858
2.4087239550751747,0.02973765552232661,2.29951729234354,0.11498057760625577,0.2926218072159675,0.015038944389744239
4.60464619105968,0.03929406292388056,2.3734741637930283,0.06794286067087098,0.24540116202342457,0.030404484649898273
4.746523645653897,0.08396204528330044,2.259957400785357,0.06647484320878423,0.24376886697412187,0.0312270638357115
4.698717222793399,0.0509541971083642,2.2884081610478257,0.06538849710452156,0.24243367298160245,0.03192069517174215
3.7381170984122765,0.029861944079703093,2.384957649588525,0.06625568000888223,0.24349900095824237,0.03136572794674062
3.7514429087464944,0.04252790116057325,2.3884901265282354,0.0663578786645825,0.2436191610629278,0.031303891732390315
3.868394993174191,0.04120693727654428,2.326390484794104,0.06462958969862984,0.24148926562759296,0.03242296913106518
2.9597133433059017,0.007849727894579439,2.4148758771222196,0.06528093632293429,0.24228999994541145,0.0319964758319562
3.056321449660754,0.06296528148439884,2.4439614923787167,0.06432337671518407,0.2411060163393494,0.03262961248559936
3.033668773870188,0.0643596361510071,2.2806688212285238,0.06516555587854887,0.24216006273910362,0.0320652052512989
0.4173271694996454,0.026662356080409552,2.7658718583099464,0.06432729414397827,0.24111579447660778,0.0326243198016856
0.10798192129902945,0.012599471382192053,3.273112270558718,0.06418905529612534,0.24093581852291773,0.032721908867343816
0.0343106880945891,0.005503676638975877,3.849482477855939,0.06416924526203642,0.24090999893248546,0.032735939038307314
2.221117673511349,0.02006027520009094,2.4485065590821913,0.06443882063851139,0.2412553864383369,0.03254887872075497
2.2503384177715695,0.03922345208786413,2.456627176534623,0.06465456197110414,0.24152180473117776,0.03240549988160044
2.2409392472630643,0.03607524854589324,2.4467358568486666,0.06439290032584168,0.24119721567710456,0.032580289997475316
0.3463604222182166,0.0247737669889521,2.993048267592531,0.06510835697456357,0.24204145580198297,0.0321281027770035
1.4993293970456303,0.03953430242574455,2.4595206200408177,0.0647282497352876,0.24161658990660942,0.032354679629161394
1.4989093393605586,0.04773462228430409,2.392526246153537,0.06466551591298478,0.24154021896073172,0.032395619057918906
1.4925122582726724,0.03747160704119338,2.4146959914380943,0.06526890839399306,0.24228398368248222,0.03199965402605153
0.2645767923091776,0.01307221244050187,2.9855368788784764,0.06490550313844379,0.2418388095027532,0.03223592383351927
0.0813197595844307,0.010903912281713266,3.782258771718294,0.06521854902412569,0.24222123187546152,0.03203282727945643
0.8244179500545938,0.02864696604271217,2.57867042057366,0.0644738610288681,0.24129578882968464,0.032527084353068926
0.8257407368353743,0.04340623034889955,2.714798163187334,0.06464370752307715,0.2415093109683237,0.032412206008945954
0.8910673043001877,0.028888326793019756,2.637683561648585,0.0659526760480698,0.24312261627328377,0.031560411977757
0.3819276034259028,0.012495939022123866,2.9077446854341202,0.06462088092864375,0.2414825272813489,0.03242658821422621
0.09636332216542368,0.006824352667818929,3.422281865734972,0.06457849612204977,0.24142621678176357,0.03245685164357784
0.02676888515722638,0.0051193480674982675,4.462002444584173,0.06467486263013995,0.24154498841755476,0.032393060446687216
0.4173716250075862,0.018364277430468007,2.9693742974174504,0.06455623464007075,0.2414016112819379,0.03247008666986053
0.10993322576394719,0.014338581530308451,3.418484037055232,0.0645064222629144,0.24133687728783018,0.03250493860418654
0.027294167817193654,0.0038134843584522143,4.000259979246084,0.06452889204746123,0.24136259660517378,0.03249108606486366
0.4638410378316108,0.009064383301739597,2.952667978088852,0.0656190142717956,0.24271977464992642,0.03177045723473388
0.1158399568925659,0.011369655940027533,3.276546619046786,0.06554196616826423,0.24261626307631554,0.031824711062478854
0.029919428793916143,0.005336510138701706,3.9985756811034516,0.06556319960751693,0.24264031170763042,0.03181209606106886
0.44706657476050954,0.029000223700144132,2.9636080934212736,0.0644352319042828,0.24124525141298975,0.03255434874758895
0.11008667176276166,0.018298486690665697,3.4084549416487016,0.06432099726395242,0.24110063598177164,0.03263252520889072
0.6330554441185277,0.03107319946366163,2.659522777730435,0.06649384174259988,0.24379176659482835,0.031215332723041837
0.13924188307678942,0.023694308028535588,3.4634738225829644,0.06662277598844259,0.24393492380962264,0.031142120281533063
0.6492874053503507,0.05239700585178527,2.814255892560747,0.06545553137776573,0.24251363967754883,0.0318786137405386
0.130020117970102,0.02821439584828904,3.353595474144877,0.0657949448563952,0.24289465590926063,0.03167905859960479
0.7116200135639038,0.07185000005177146,2.7842237549322104,0.06475459805507959,0.2416478969048753,0.03233791588186977
0.11892569466649353,0.023939147513094967,3.68104758993432,0.06458499670888757,0.241436718066717,0.032451205171673825
7.7344573407444015,0.046201379611517525,2.222932746547002,0.03710032916007579,0.20061473009950256,0.06807581269403419
8.172344213381578,0.264189901763551,2.2407519812010386,0.036767622671207145,0.20004411432351124,0.06885587372782012
7.432086536061755,0.06987728161729302,2.328330952523792,0.03972733071082906,0.20488116114034385,0.06258006342180435
7.312718205022928,0.021639917160237356,2.2083329798058244,0.036846643936881106,0.20017456624109226,0.06867655816050819
7.186341976388538,0.04373470657551208,2.2540533978588324,0.03769794346550168,0.20154658476219928,0.066825517803635
7.5743370522025275,0.29677057305725374,2.238709864367043,0.0373362347416511,0.2010882282358477,0.06743688720174769
6.7949612030306135,0.1715126207269614,2.199624837483858,0.03733716509851866,0.201034222466425,0.06750938130289853
6.837897802584441,0.14124107318635992,2.1714918940216017,0.03682602175394837,0.20017347431131816,0.06867805667258615
6.641129915824497,0.06540912974723363,2.2195661609421813,0.03768950297964875,0.20163990674273183,0.06670189224290295
6.409472241526099,0.18800680708351492,2.232230512325667,0.036608275594386355,0.1997902062292414,0.06920656999867068
5.818655377713131,0.05160692936856489,2.3194977808531747,0.03940200076371887,0.20462174156202864,0.06289802363061733
5.832857470369175,0.0727755739214137,2.3447142127166014,0.03986936522858285,0.20536058597825332,0.06199772116373578
5.256950464889937,0.02938487393622243,2.333296094085155,0.0390415725949523,0.20388126896828124,0.06381676631128147
5.241351318088806,0.100974304493869,2.4084611811156025,0.039794058452375485,0.20491530591025994,0.06253836330881475
5.480726982234464,0.04208877581251009,2.310314756473172,0.03790457835931561,0.2020931372277802,0.06610553781944564
4.98389699857123,0.06611269081824461,2.269596626392999,0.037871523004816346,0.20200879082274525,0.06621601335984485
5.220302091038301,0.27535553241368105,2.237436975582261,0.037301783239420946,0.2010501093350466,0.06748804561583648
0.6172116704591385,0.05530017978872473,2.7383679502848497,0.038095799822164406,0.20237532647327477,0.06573760183536916
0.15426531008098474,0.02526209745545149,3.4044646562852923,0.038776147033197865,0.20352910024496426,0.06425960554427086
4.033990380179443,0.0911210068136836,2.4018345535745858,0.041548514247357705,0.20819781070968524,0.058686670674145
4.5056039306971565,0.10407222936362301,2.1808019332581248,0.03697716043397633,0.20045914056524763,0.06828741136558193
4.492189882247765,0.17071283422825462,2.3152272850878015,0.038003740239701045,0.2022362758017548,0.0659185839934252
3.842866563674683,0.02345723681203163,2.2365782049962895,0.03667194033004243,0.19991983189314289,0.06902725359402397
0.5616234298860879,0.05866729164202032,2.712033218234576,0.03666238893546247,0.1998905310392918,0.06906773579626954
3.749689280832086,0.07887479938349654,2.313371514302916,0.037954216770796724,0.20218222718567713,0.06598909933379155
3.7479908820634606,0.1407407324744389,2.356309630916538,0.038667654334453086,0.20342545742215049,0.0643906636437956
3.2632208359847836,0.11344264944700215,2.2993517398265904,0.037095370907969764,0.2006822835737335,0.06798419651240001
0.49459372109988087,0.06263046169474573,2.8634034046170123,0.03771927012497169,0.20174097172127384,0.06656833164239918
3.1140785644802778,0.02624120623292392,2.3236724382231575,0.03749907857355878,0.2013873555669753,0.06703711400198596
0.4291987655410367,0.0072536943209454835,2.845368664732595,0.03910427268872525,0.20403735651132102,0.06362171226662405
3.2082861087446632,0.12779258881449976,2.35803478015558,0.03871004522073582,0.20347509063640695,0.06432785995757904
2.547051445857255,0.03187581806802773,2.3327311197920793,0.03765919419443938,0.20164871460864642,0.06669023905021182
2.6049823659563884,0.04678928591390855,2.328305049844834,0.03758278480970151,0.2015210993310604,0.06685932865987786
2.537879556026022,0.01223425419352699,2.406858145695898,0.03763324571510596,0.20161738010206198,0.06673170755741448
2.662663238498495,0.1313024766900256,2.3278513048407827,0.03758539280222374,0.20150800752812906,0.06687670552686197
2.081162340227036,0.07348222562235748,2.413593410886745,0.03714272794566176,0.20076501938989597,0.06787219987059381
2.0304993186274243,0.05393478146393242,2.379426145837413,0.037193488089618296,0.20084847809300596,0.06775945824299805
2.1838860609052073,0.17466880728000564,2.4227405834158016,0.03732468547095792,0.20101832319767227,0.06753074208492081
1.4832803244013082,0.048189871693918473,2.4493086905876384,0.03603004100052719,0.1987388002318756,0.07068275217445287
0.35688517803927616,0.07617668182948929,3.112118694840309,0.03663941546929005,0.19982517517047926,0.06915813875793411
0.08029262314897749,0.011279057009127295,3.6826997957215744,0.03728993121382413,0.20088530457005974,0.06770978500182658
1.4712206113364326,0.031586916055673875,2.3946173196311697,0.035759932689086976,0.19822491135870665,0.07141857438250697
1.4505763442524149,0.03902274727378405,2.4391864898076703,0.03645802407156278,0.1994471620947194,0.06968393410000287
0.9038822438011972,0.11115831226155573,2.5475611313839877,0.03543282462412812,0.19756128063355985,0.07238303272136193
0.22531793851510729,0.039053030690072134,3.1285812371635857,0.0355738465865872,0.19787581419967518,0.07192390299260606
0.06814375014545468,0.011360339077594634,3.6704047258219727,0.03571383523195178,0.19802956660819326,0.07170079285238826
0.8976166303827233,0.061043627640430136,2.5538689437789146,0.03553422450566944,0.19772420147185626,0.07214475866379493
0.21812886736469111,0.04485132426722135,2.974486225934446,0.03590245238502468,0.19840338769895743,0.07116193891296475
0.04833086937974632,0.010537870278106947,3.9398033489104556,0.036258743784065635,0.19896979041154392,0.07035509214580309
0.8525636469013612,0.037201829520349956,2.5803467377795863,0.03537187708300015,0.19749504152843558,0.07248018959064098
0.13973335870972914,0.016983673609975145,3.1601445367374765,0.03598197186779566,0.19853902506134422,0.07096767320760719
0.046279063219056255,0.007818473426318666,3.6355019975644502,0.03722787269706653,0.20002342424291425,0.06888436748329153
0.9004276168435721,0.06180810693666989,2.535793022970246,0.03526732308923876,0.19725660862884756,0.07283126570053705
0.18546066589612611,0.02069238016447325,3.0251076845307376,0.03621186958054527,0.19872765644767904,0.07069860783555534
0.8714228863917615,0.06397607149487959,2.5741214346890002,0.035272334098401394,0.19733608917626888,0.07271400032653406
0.18168649831913034,0.017678730367156826,2.934846176039637,0.035851743172901365,0.1983177670307117,0.07128491084405378
0.0459646131956952,0.005653578196374912,3.750305778124411,0.036582939347223266,0.19945623254333789,0.0696712592104495
0.8692088321057156,0.036378156817631464,2.5611152781941846,0.03558971769437886,0.19791103208489824,0.07187272177853886
0.9868233554139555,0.07823559633505947,2.530845704505723,0.03617473975095323,0.19898805316117069,0.07032926746863709
0.17665550823351858,0.01296947681665539,3.1515422641748985,0.03671257166495261,0.19988460897221064,0.06907592135781887
0.05550016575972853,0.008496553899381129,3.7940478227936447,0.08830753148297935,0.2885930797591753,0.015896461213788522
0.012681757760936219,0.0042058296215516855,5.227221662265198,0.1857481812514884,0.2958311307949177,0.014396887523900304
0.3097008525232532,0.016461765804205327,2.925788022792349,0.09158785978407546,0.29203759117946787,0.015159646549508111
0.06544511312889637,0.011565423271137982,3.722466384829717,0.09087060791527507,0.29135564732965125,0.015302075640632429
0.013825127853282548,0.004967005197307133,4.806566601101926,0.09083145885250386,0.2912465766962682,0.015325010775384137
0.05172742661338725,0.00233966098777537,3.807292900936448,0.09333921493966349,0.2935521565501426,0.014849198238686965
0.015376659390798202,0.005997205867446124,5.105844895472087,0.09487759998968592,0.2953242323497813,0.014495986338919149
0.060032145615339566,0.008507959647133006,3.7852657714032905,0.09468730142270393,0.2954064179919124,0.01447986123413755
0.011730965091841159,0.0018645638626610876,4.856483827168695,0.0952756253928329,0.296022726727331,0.014359651082030578
0.10802889216093035,0.004115871661057617,3.4192495178930726,0.09773625492863411,0.2985580011384272,0.013878075577960239
0.09850524308644153,0.009456808258768053,3.4505260183515345,0.09601215805348451,0.2966666537588703,0.014235383580554357
0.028112742494332904,0.006817117471184703,4.330819994553529,0.09646826922016208,0.2970710543320793,0.01415802763713649
0.13362239240433682,0.006344290387462612,3.1882539207272678,0.09112436679739967,0.2916773801400607,0.015234671852714553
0.028369566956221528,0.0014583096523060827,3.8976302002533183,0.0906828674699668,0.29119585571174084,0.015335690910142816
0.008699149118352187,0.002796095988915714,4.831780585933619,0.0912261121735742,0.2917549564469723,0.015218474996219708
0.13362978200144499,0.011344659150085225,3.301914241007335,0.0918849613666101,0.292344926075911,0.015095999177367867
0.030514002896262,0.005548285107094144,4.006653281569475,0.09109398072371493,0.2916425093384766,0.015241959411818634
0.007644799671133894,0.0032574597263730232,5.09186387220036,0.14477269514155675,0.29505442983498353,0.014549080560718283
0.059633139642174156,0.007063098779666443,3.853124744157656,0.09422758437018397,0.29472537934340926,0.014614163595035493
0.013628961059413702,0.0046381476667289945,4.993323386342628,0.09433469878227128,0.29497083148683484,0.014565581124602905
4.9823547023702055,0.07097980346352996,2.392765503733924,0.08252215024919439,0.7042763651005204,0.02427293968847638
4.814199830982238,0.05789903676892467,2.41878309404382,0.0780353198485981,0.6912802417004205,0.026150395242356173
5.484678102790778,0.09798010674506814,2.5191720018652903,0.08127528256324744,0.7007145079672906,0.024770250315160596
4.073580062466418,0.02747827592347747,2.498536393327006,0.08061629323061142,0.6987959764416604,0.025043397696904265
0.07022380548237198,0.004210792139825487,3.576696196905227,0.07950008452015969,0.6955562330894518,0.02551325359935668
3.8339308880637146,0.1838803663864354,2.835860370631578,0.08346881715000666,0.7068236016017854,0.0239249292745754
3.7960994673781983,0.1380136085623915,2.616322775256404,0.08180050495686586,0.7021385988134602,0.024569902899846948
3.4301063508394813,0.062073394346736456,2.7221073702988146,0.08507591337092776,0.7114769338873338,0.023305130220589016
2.866285558712437,0.03800120868185701,2.798675354465196,0.10768620934556661,0.769547548285603,0.01702758267443909
3.2614595637405492,0.00708250348800882,2.6878311239614936,0.08147140698622311,0.7012481792811823,0.02469493267564572
3.062078614582643,0.02737490776133485,2.687859617183056,0.08403447595760274,0.7084805550994798,0.023701896242601155
2.833836808387941,0.08795263378821913,2.664323079832396,0.08327430239887212,0.7064065269035478,0.023981482111847773
2.65650354699004,0.07236018018033501,2.797185492731253,0.09029949925168734,0.7255971889362379,0.02154331179516268
2.873724350174269,0.06936591558551126,2.7144697011202235,0.08483551858298144,0.7108108916271746,0.023392602330443026
0.05103617521591193,0.0123880273363779,4.515509737812227,0.08363270527119905,0.7074244647611735,0.02384374857235408
2.3552882756425233,0.02589542969525103,2.698208017495903,0.08706075121039059,0.7169358737122951,0.022603390358660776
0.03809908896705112,0.004308506137394836,4.03745190610271,0.08594150209480192,0.7138038759002641,0.02300272174232339
2.3995209371082775,0.03369394794147371,2.638658644661811,0.08513062678732411,0.7116223386723259,0.023286088440696396
2.4709473473922947,0.08687883316137252,2.6249489715463934,0.08468762886519751,0.7103877397716585,0.023448388602689538
1.7071254424896352,0.010751759707930998,2.9216493080347767,0.10822566756843116,0.7708984530512394,0.016908541059332958
1.7114833614031855,0.011768307831298598,2.9499357583375825,0.10927097314090241,0.7733783290611264,0.016692709643350175
2.640796862414008,0.02844616667011113,2.911298516415589,0.10784941865810771,0.7699869985814334,0.016988743718504003
1.1099919895110786,0.006477682235887959,2.9878625546601567,0.11516480832182069,0.7865110398114615,0.01560542286494577
1.2338528670944797,0.001468273134053779,2.9619564626916266,0.10971326298251609,0.7744273861704565,0.01660244395426985
1.5121381593150887,0.030096905215387486,2.808786877018267,0.10804331951061726,0.7704732177517474,0.016945900246041437
0.9755141924185371,0.007347531456207302,2.9821061125374007,0.11052782152132858,0.7761795151280373,0.01645303897213974
0.9880134062154553,0.033551220530869424,3.0507043632812274,0.10898749566790843,0.7726623744852271,0.016754666035408913
0.9985463546727418,0.012108356695304547,3.0362497267865347,0.10845981411855683,0.7714401168948677,0.016861101972433297
1.0383073865046364,0.032210587679599424,2.834065048418776,0.08097714741524516,0.6998790446800276,0.024888737759369787
1.1033733515386779,0.0322638982769785,2.9128980638446,0.08105153378675455,0.6997077149669347,0.024913123637348312
1.0446646334642662,0.031165652678704324,2.9010187260828273,0.08296563239704192,0.7053476596824734,0.024125810614831704
0.4470159101638866,0.022753992684876614,3.1811266940105316,0.08837983268453674,0.7205573549410372,0.02215239114430494
0.5388203461431569,0.02264318956512393,3.032648444035742,0.08198444271080552,0.7027203252958354,0.024488645964776838
0.5582993382344628,0.03174178668307289,2.890813664490155,0.0850304941616795,0.7113600328117766,0.02332045335545862
0.2605181512376766,0.012587134969584201,3.494977302350225,0.08356171896752503,0.706275416910441,0.02399929435622052
0.2229927184335135,0.0003114632534998905,3.160148857040834,0.08317214338146457,0.7061284587265843,0.024019279353779812
0.21858244757845174,0.010231843856590352,3.3003296285459065,0.08252281479158056,0.7042737628650338,0.024273298436783795
0.24556092372773206,0.0053770189153568345,3.1799974666423227,0.08370360283461799,0.7076037506604201,0.023819592547210035
0.20690501781095172,0.007515896703982033,3.5721844590583296,0.0850666515545752,0.7114383343816785,0.02331018836645877
0.18520357996507458,0.0102355044538025,3.54000463315307,0.08429649724840535,0.7092955695021869,0.02359314542988338
0.10945222342882367,0.0061316454215929635,3.3057190887101826,0.08701449213225945,0.7168085607824317,0.0226194530608467
0.22086909615767464,0.0023296700630741443,3.591782880776732,0.08555985940076667,0.7127370398873344,0.023140754613683548
0.12913003496618736,0.01260320857433685,3.315061423852276,0.08503292518695497,0.7112976786049271,0.023328631757476737
0.5465212763054168,0.03453323375893907,2.770427214082873,0.08660120420545467,0.7156620517770467,0.022764749529352618
0.266297534133611,0.0072573113628608375,3.201769022841276,0.08656029993545829,0.715547538225013,0.02277932576949533
0.2388873727219926,0.013757112420427233,3.120293718691369,0.08671576873643265,0.7159346671871302,0.022730095653821187
0.3085978515993973,0.015336993835716113,2.8589922238203993,0.08664868669475022,0.7158281040514793,0.022743633715166068
0.20589858282227633,0.010988091909049034,3.2576584433806874,0.08806428167383026,0.719687028298888,0.022259742349113626
7.853556438416835,0.1337715416796718,2.1904850606431285,0.053435829948621824,0.6092953729384183,0.043329463626364376
7.675746117975468,0.0734435401016708,2.4606563534275425,0.053508414188026134,0.6095464110179876,0.04325812777839337
7.952192558830961,0.1422344368380897,2.269621118198834,0.05280021677382997,0.606835114343235,0.044036421552006044
6.844228266781914,0.061693061906542904,2.230876455176412,0.05189538554603596,0.6033621860325968,0.045059096471148835
7.317940419000432,0.1690170386682101,2.2409019939143042,0.050952482940843494,0.5996517829087181,0.04618472011020567
6.463355756626184,0.04070844722032209,2.1953785859813286,0.04990058703395229,0.5955633756672943,0.04746602917030391
6.426741735821416,0.05398536250318793,2.189950934088503,0.05093817000535739,0.5996498233712111,0.04618532380343723
6.671874026550227,0.2218925111257039,2.1774665584150195,0.05065348428490625,0.598508165424275,0.04653872851848767
5.7258313676537576,0.0423765161732279,2.1777038288320205,0.04950109430618286,0.5939607949543998,0.04798038338182096
5.742657987280041,0.09390535686286688,2.1615321943251984,0.049136590596333955,0.5924868890129449,0.04845960340854402
5.779633189554467,0.03566017983826783,2.2190931450403237,0.04932178179167923,0.5932395176618661,0.0482141528843646
4.751801008916952,0.01613808950813146,2.335718984646341,0.04866350738926073,0.5906118887479103,0.04907791382331161
4.60457879525291,0.016875248742031897,2.284370717802881,0.050808091199725014,0.5990003700410599,0.046385951593480995
3.5223325697718812,0.054870993847085,2.3527257071378287,0.05115895414406522,0.60050075229976,0.04592409534119561
3.5878973808886605,0.12715793726373842,2.284454370807258,0.04967048605620196,0.5946352069660955,0.04776308350846727
3.496256258661625,0.043833136774198485,2.294230092321802,0.049880430741512424,0.5954821949381612,0.047491918205673
2.021611128724409,0.0399452253573968,2.494704478775351,0.05197872011114495,0.6037192495848906,0.0449525920440594
1.9323459962562402,0.01011823502808048,2.408178704644833,0.05235978826366151,0.6051820345756698,0.044519545793123554
1.9537682310504934,0.013975690699492407,2.462693899852104,0.05357893977486727,0.6097146095637855,0.043210414019458174
1.8049314277041044,0.0024648383703677287,2.4586913032574778,0.04926225508752709,0.5926801753161902,0.048396419269718965
1.8446389821216336,0.036022168848272834,2.419225184285125,0.04943785623788313,0.5934750586619437,0.048137656656674924
1.5368527666203604,0.05280449450449751,2.5686091849150907,0.05138769044612187,0.6013838245941597,0.04565494903512264
9.93715003571655,0.036250142349056026,2.1683454013410697,0.027530717523628002,0.48798842914290996,0.10530687749286202
10.341349361299821,0.2624651647045436,2.192788420436131,0.02741668065493552,0.4877657643516686,0.10549929931976788
10.119343719093095,0.2830921346901239,2.1935366248894805,0.027803112429962664,0.48987092825479533,0.10369747136525298
9.594855798513649,0.42781170688752096,2.2327762405704106,0.027922493119370305,0.4907128967707188,0.10298760168037158
9.339028651037266,0.10561870256136124,2.1668264674521414,0.02816248799335611,0.49206242505073444,0.10186242771514543
8.91899688801447,0.31023357671711094,2.4301899157472886,0.028284289157962772,0.4927458646278663,0.10129846876280794
8.269779209293173,0.4409389783327562,2.419746669901182,0.028156015632923456,0.4920390261866195,0.10188180532546656
7.618331117032044,0.02603226796679959,2.520447833586114,0.028685782678259657,0.4949645334161843,0.09949437084848553
7.953582434420614,0.37200327550438594,2.4841266972718627,0.028577447306569574,0.494455520783691,0.09990469813172549
6.933202506216411,0.09456269067634515,2.3888814270550665,0.028827031303572784,0.4937959266068109,0.10043956449600934
6.923553539671775,0.010664539843283414,2.370287384889518,0.02905831258540169,0.49448148861923086,0.09988371369063874
7.082149336758457,0.10470375806177797,2.1467595589413,0.02880554420204565,0.49486087012015084,0.09957776524337691
5.977799842423292,0.1514993345299299,2.4734803940034515,0.02848048059002378,0.4937481411911952,0.10047845268806675
5.253793853102512,0.21450998884220404,2.3559898810941657,0.02875347137257418,0.49548318801477426,0.09907843548623071
5.533531431240271,0.2639814334069243,2.487399955497506,0.02899064506868895,0.4965825535708998,0.09820396061895538
4.688991374128837,0.4681912925513991,2.6007453844607036,0.03414023707078535,0.5020749978016775,0.09397675677563448
4.422539338987993,0.22901073623530774,2.5410720194531136,0.03305021651568127,0.502082498654933,0.09397114104461284
4.26300250388732,0.00883968181217091,2.570346634959598,0.0305677900401424,0.50011116257572,0.09546158488751251
3.071096422605323,0.08802964677988369,2.3321822540042954,0.030306617409540947,0.5042737027630165,0.0923484370875861
3.221370011873061,0.16637338255166323,2.3240931311567485,0.030617940223457325,0.5058895542289604,0.09117420496483893
3.086408568275754,0.18256539299113836,2.7338098757051585,0.03078314033908236,0.5066427522169554,0.09063323804246379
2.773589657347415,0.08506931858365262,2.35148907899837,0.0303523164580182,0.5034911658296372,0.09292389674641162
2.8527111253709316,0.1298617264251995,2.362614230554153,0.030562029672589777,0.502147118806258,0.09392277866588106
2.6661488145977703,0.07583957038266706,2.4107493096707553,0.030327774521523115,0.5034191767660219,0.09297706070726931
2.0484487466940955,0.08451418594628915,2.649812324308948,0.030796288513668623,0.5052128110925211,0.09166370643854108
2.078593520816229,0.009876694656479942,2.4652921393840366,0.030763270697272138,0.5050916525096726,0.09175168921447673
2.226180221981931,0.03327683656868489,2.454592898193855,0.03005484497661067,0.5023012675382839,0.09380753775465182
1.6450801710568583,0.09682025455999548,2.5236406755980476,0.03117761336515156,0.5090454583020634,0.08893415132252214
1.5122733247996005,0.041067695909843625,2.486069068212254,0.03115309696723048,0.5086083292322557,0.0892402874792313
1.9001953895142478,0.14786734818045139,2.469915795485376,0.03381617596448659,0.5054072218205264,0.0915227497799952
1.222330263160303,0.037968689833190974,2.6905327562976424,0.03204201917437317,0.5137621034783845,0.08571297471627856
1.1761510732500258,0.0955183593043375,2.6798485273213983,0.03191678538284393,0.5130811436816662,0.08616891343358304
1.0810477527734095,0.021938409194979833,2.632195262792219,0.03173252758493065,0.5120618300887203,0.08685707841389274
0.8970216650083319,0.06859697926850587,2.828170776906397,0.03252261705760618,0.5163028547663432,0.08403819727359475
0.9786705833140136,0.0944567387599561,2.986847203941783,0.0324854921829096,0.5160805123876653,0.08418311521504446
0.9273446799475662,0.10198768422841654,2.84723732000401,0.032377936906919084,0.5154929524604077,0.08456758026346711
0.8184697789508695,0.01747423623588941,2.6483500847087513,0.03232308675306333,0.5151846494897784,0.08477019382695733
0.5727947464830752,0.04982094451502323,3.1641631115085707,0.03298705552932839,0.5186864989960386,0.08250401011505218
0.4443033780376375,0.05143168605959689,3.253095059058151,0.03288191429803438,0.5181588500812794,0.08284058406134118
0.46944477073601154,0.044020473701588805,3.110047869918344,0.032762136909241936,0.5175157321228353,0.0832531370029444
0.14100571451578314,0.02021348530988094,3.965301406077373,0.0826575756426321,0.7045644440212682,0.02423326561809881
0.04168590970364693,0.009028225333471945,4.761151616439742,0.08219343702153893,0.703078374162984,0.024438799821482005
0.041062605732669816,0.008822097062938258,4.526696136077434,0.08231938699861936,0.7036909268992491,0.024353816385433234
0.7460911664595588,0.05593795666025754,3.0186092801501943,0.0678645797983746,0.7080716415517038,0.023756695361265307
0.6807672478577904,0.030438364600606407,2.870141066001636,0.06268772057284633,0.6911848469543376,0.026164834950158224
0.031025346285748916,0.002778317041984348,4.553307226429791,0.06335596494095452,0.6942947652091671,0.02569918021830231
0.6980825853695924,0.028582901041643214,2.9036858123809006,0.06329385945537154,0.6938671628626606,0.02576258827489344
0.031401929219039726,0.0032643978334594356,4.52304474366004,0.06384581437489102,0.695990400881993,0.02544965115715371
0.6634972339582396,0.048904171176350666,2.829562024383682,0.06293753574246229,0.6929703286774112,0.025896213975779053
0.030663314538605723,0.0028528904168201707,4.68322326158259,0.060858572870540806,0.685325855867929,0.027071128769584517
0.04005717149159232,0.0070506344002123356,4.603960552470258,0.060671976730581015,0.6844132445714457,0.027215806717664902
0.848917229620801,0.02232133267172377,2.7507957988431224,0.06130362583923794,0.6864796765023566,0.02688958477362932
0.03620747640833453,0.0055720514153171094,4.5166752454764065,0.062279645902712615,0.6892515316284571,0.026459636510024864
0.9201330009441585,0.02090931788210942,2.699688200076898,0.061506460184014906,0.6873311848641852,0.02675658226693776
0.05348126618893146,0.00784774689485641,4.316645971841729,0.06180411051657991,0.6884861401920993,0.026577493787289297
0.3885616879575178,0.031963570862046646,3.0514589153559504,0.06238695841220418,0.6907425673320912,0.026231912284222884
1.0873132410486366,0.03777532018978312,2.652519498200771,0.0617762066404239,0.6885610431619327,0.02656593107443969
1.0559259485554373,0.03559794558547091,2.709357845100865,0.06026771453722314,0.6830151810122073,0.02743932392906157
0.04392607691437481,0.006648385810780032,4.398624206180575,0.060301376851394486,0.6831935192807826,0.027410684513424734
1.0433703491508637,0.035243834742273016,2.6781816835372583,0.059528692654111585,0.6803852844579215,0.027866035440211483
0.04480181675325016,0.006974553423872984,4.212713645297793,0.0593711909442871,0.6796942589626097,0.02797953074395491
0.9159412179304908,0.0075911151191616994,2.8213240621934697,0.06159530350985232,0.687243728199441,0.02677020473051114
0.04245297163274578,0.011227468448676862,4.588753234126421,0.06217162635919748,0.6897632726321276,0.026381201370070783
